Key_Dataset,Key_Run,Key_Fold,Key_Scheme,Key_Scheme_options,Key_Scheme_version_ID,DateTime,Number Correct,Number Missing,Number Spurious,Number Overlap,Strict Precision,Strict Recall,Strict $F_1$,Lenient $F_1$,Average $F_1$,Number Training Inst,Number Training Docs,Time Training,Time Testing
[Instituce],1,1,Paum_afun,Key,a,20121210_172132,237,9,8,3,0.9556451612903226,0.9518072289156626,0.9537223340040242,0.96579476861167,0.959758551307847,-1,-1,50625,3276
[Instituce],1,2,Paum_afun,Key,a,20121210_172132,157,5,27,0,0.8532608695652174,0.9691358024691358,0.907514450867052,0.907514450867052,0.907514450867052,-1,-1,51099,2638
[Instituce],1,3,Paum_afun,Key,a,20121210_172132,221,15,14,8,0.9094650205761317,0.9057377049180327,0.9075975359342915,0.9404517453798769,0.9240246406570842,-1,-1,50750,3869
[Instituce],1,4,Paum_afun,Key,a,20121210_172132,184,2,15,1,0.92,0.983957219251337,0.9509043927648578,0.9560723514211886,0.9534883720930232,-1,-1,51767,2683
[Instituce],1,5,Paum_afun,Key,a,20121210_172132,185,5,22,0,0.893719806763285,0.9736842105263158,0.9319899244332492,0.9319899244332492,0.9319899244332492,-1,-1,51031,3961
[Instituce],1,6,Paum_afun,Key,a,20121210_172132,260,13,22,0,0.9219858156028369,0.9523809523809523,0.9369369369369369,0.9369369369369369,0.9369369369369369,-1,-1,51566,3541
[Instituce],1,7,Paum_afun,Key,a,20121210_172132,183,1,18,3,0.8970588235294118,0.9786096256684492,0.9360613810741688,0.9514066496163683,0.9437340153452686,-1,-1,50988,3042
[Instituce],1,8,Paum_afun,Key,a,20121210_172132,323,6,23,2,0.9281609195402298,0.9758308157099698,0.9513991163475699,0.9572901325478644,0.9543446244477172,-1,-1,46352,5600
[Instituce],1,9,Paum_afun,Key,a,20121210_172132,255,17,36,5,0.8614864864864865,0.9205776173285198,0.8900523560209423,0.9075043630017451,0.8987783595113437,-1,-1,49099,4460
[Instituce],1,10,Paum_afun,Key,a,20121210_172132,373,11,60,7,0.8477272727272728,0.9539641943734015,0.8977135980746089,0.914560770156438,0.9061371841155235,-1,-1,45743,7098
[Instituce],1,1,Paum_pos,Key,a,20121210_172132,238,9,9,2,0.9558232931726908,0.9558232931726908,0.9558232931726908,0.963855421686747,0.9598393574297188,-1,-1,48986,3166
[Instituce],1,2,Paum_pos,Key,a,20121210_172132,157,5,27,0,0.8532608695652174,0.9691358024691358,0.907514450867052,0.907514450867052,0.907514450867052,-1,-1,47872,2510
[Instituce],1,3,Paum_pos,Key,a,20121210_172132,223,15,13,6,0.9214876033057852,0.9139344262295082,0.9176954732510288,0.9423868312757202,0.9300411522633745,-1,-1,47915,3650
[Instituce],1,4,Paum_pos,Key,a,20121210_172132,185,1,16,1,0.9158415841584159,0.9893048128342246,0.9511568123393317,0.9562982005141388,0.9537275064267352,-1,-1,48553,2589
[Instituce],1,5,Paum_pos,Key,a,20121210_172132,183,5,23,2,0.8798076923076923,0.9631578947368421,0.9195979899497487,0.9296482412060302,0.9246231155778895,-1,-1,46447,3745
[Instituce],1,6,Paum_pos,Key,a,20121210_172132,261,12,23,0,0.9190140845070423,0.9560439560439561,0.9371633752244166,0.9371633752244166,0.9371633752244166,-1,-1,47490,3338
[Instituce],1,7,Paum_pos,Key,a,20121210_172132,183,1,18,3,0.8970588235294118,0.9786096256684492,0.9360613810741688,0.9514066496163683,0.9437340153452686,-1,-1,47878,2981
[Instituce],1,8,Paum_pos,Key,a,20121210_172132,321,8,22,2,0.9304347826086956,0.9697885196374623,0.9497041420118343,0.9556213017751479,0.9526627218934911,-1,-1,43405,5415
[Instituce],1,9,Paum_pos,Key,a,20121210_172132,257,16,36,4,0.8653198653198653,0.927797833935018,0.8954703832752612,0.9094076655052264,0.9024390243902438,-1,-1,47649,4306
[Instituce],1,10,Paum_pos,Key,a,20121210_172132,375,10,57,6,0.8561643835616438,0.959079283887468,0.9047044632086851,0.9191797346200241,0.9119420989143546,-1,-1,41967,6537
[Instituce],1,1,Paum,Key,a,20121210_172132,235,11,10,3,0.9475806451612904,0.9437751004016064,0.9456740442655936,0.9577464788732394,0.9517102615694165,-1,-1,30079,2232
[Instituce],1,2,Paum,Key,a,20121210_172132,158,4,30,0,0.8404255319148937,0.9753086419753086,0.9028571428571429,0.9028571428571429,0.9028571428571429,-1,-1,30650,1794
[Instituce],1,3,Paum,Key,a,20121210_172132,224,12,14,8,0.9105691056910569,0.9180327868852459,0.9142857142857143,0.946938775510204,0.9306122448979591,-1,-1,29617,2575
[Instituce],1,4,Paum,Key,a,20121210_172132,185,0,14,2,0.9203980099502488,0.9893048128342246,0.9536082474226805,0.9639175257731958,0.9587628865979381,-1,-1,30672,1796
[Instituce],1,5,Paum,Key,a,20121210_172132,186,4,21,0,0.8985507246376812,0.9789473684210527,0.9370277078085643,0.9370277078085643,0.9370277078085643,-1,-1,30531,2776
[Instituce],1,6,Paum,Key,a,20121210_172132,264,9,24,0,0.9166666666666666,0.967032967032967,0.9411764705882353,0.9411764705882353,0.9411764705882353,-1,-1,30641,2309
[Instituce],1,7,Paum,Key,a,20121210_172132,182,2,16,3,0.9054726368159204,0.9732620320855615,0.9381443298969072,0.9536082474226805,0.9458762886597938,-1,-1,30219,2029
[Instituce],1,8,Paum,Key,a,20121210_172132,321,8,23,2,0.9277456647398844,0.9697885196374623,0.948301329394387,0.9542097488921714,0.9512555391432792,-1,-1,27770,3618
[Instituce],1,9,Paum,Key,a,20121210_172132,259,12,32,6,0.8720538720538721,0.9350180505415162,0.9024390243902439,0.9233449477351917,0.9128919860627178,-1,-1,28597,2902
[Instituce],1,10,Paum,Key,a,20121210_172132,377,8,60,6,0.8510158013544018,0.9641943734015346,0.9040767386091128,0.9184652278177459,0.9112709832134294,-1,-1,26539,4570
[Instituce],1,1,Paum_small,Key,a,20121210_172132,233,12,10,4,0.9433198380566802,0.9357429718875502,0.9395161290322581,0.9556451612903225,0.9475806451612903,-1,-1,23496,1686
[Instituce],1,2,Paum_small,Key,a,20121210_172132,157,3,29,2,0.8351063829787234,0.9691358024691358,0.8971428571428571,0.9085714285714287,0.9028571428571429,-1,-1,24167,1327
[Instituce],1,3,Paum_small,Key,a,20121210_172132,225,13,15,6,0.9146341463414634,0.9221311475409836,0.9183673469387755,0.9428571428571428,0.9306122448979592,-1,-1,24448,2028
[Instituce],1,4,Paum_small,Key,a,20121210_172132,184,1,13,2,0.9246231155778895,0.983957219251337,0.9533678756476685,0.9637305699481865,0.9585492227979275,-1,-1,27006,1404
[Instituce],1,5,Paum_small,Key,a,20121210_172132,183,4,21,3,0.8840579710144928,0.9631578947368421,0.9219143576826196,0.9370277078085643,0.929471032745592,-1,-1,24981,2170
[Instituce],1,6,Paum_small,Key,a,20121210_172132,264,8,23,1,0.9166666666666666,0.967032967032967,0.9411764705882353,0.9447415329768271,0.9429590017825311,-1,-1,23514,1857
[Instituce],1,7,Paum_small,Key,a,20121210_172132,178,3,17,6,0.8855721393034826,0.9518716577540107,0.9175257731958764,0.9484536082474226,0.9329896907216495,-1,-1,24059,1574
[Instituce],1,8,Paum_small,Key,a,20121210_172132,318,11,25,2,0.9217391304347826,0.9607250755287009,0.9408284023668639,0.9467455621301775,0.9437869822485208,-1,-1,22311,2950
[Instituce],1,9,Paum_small,Key,a,20121210_172132,255,14,34,8,0.8585858585858586,0.9205776173285198,0.8885017421602788,0.916376306620209,0.9024390243902438,-1,-1,22654,2280
[Instituce],1,10,Paum_small,Key,a,20121210_172132,377,13,55,1,0.8706697459584296,0.9641943734015346,0.9150485436893204,0.91747572815534,0.9162621359223302,-1,-1,20924,3652
[Plne_zneni],2,1,Paum_afun,Key,a,20121210_174658,0,2,0,0,1.0,0.0,0.0,0.0,0.0,-1,-1,44978,3881
[Plne_zneni],2,2,Paum_afun,Key,a,20121210_174658,0,0,1,0,0.0,1.0,0.0,0.0,0.0,-1,-1,44435,4384
[Plne_zneni],2,3,Paum_afun,Key,a,20121210_174658,1,2,0,0,1.0,0.3333333333333333,0.5,0.5,0.5,-1,-1,44171,4679
[Plne_zneni],2,4,Paum_afun,Key,a,20121210_174658,0,1,0,0,1.0,0.0,0.0,0.0,0.0,-1,-1,46763,2824
[Plne_zneni],2,5,Paum_afun,Key,a,20121210_174658,0,0,0,0,1.0,1.0,1.0,1.0,1.0,-1,-1,45914,3289
[Plne_zneni],2,6,Paum_afun,Key,a,20121210_174658,0,1,0,0,1.0,0.0,0.0,0.0,0.0,-1,-1,45617,3354
[Plne_zneni],2,7,Paum_afun,Key,a,20121210_174658,0,3,0,0,1.0,0.0,0.0,0.0,0.0,-1,-1,46305,3010
[Plne_zneni],2,8,Paum_afun,Key,a,20121210_174658,0,4,0,0,1.0,0.0,0.0,0.0,0.0,-1,-1,43208,5507
[Plne_zneni],2,9,Paum_afun,Key,a,20121210_174658,0,3,0,0,1.0,0.0,0.0,0.0,0.0,-1,-1,45238,4430
[Plne_zneni],2,10,Paum_afun,Key,a,20121210_174658,0,1,1,0,0.0,0.0,0.0,0.0,0.0,-1,-1,45573,3807
[Plne_zneni],2,1,Paum_small,Key,a,20121210_174658,0,2,0,0,1.0,0.0,0.0,0.0,0.0,-1,-1,21445,1999
[Plne_zneni],2,2,Paum_small,Key,a,20121210_174658,0,0,0,0,1.0,1.0,1.0,1.0,1.0,-1,-1,21158,2248
[Plne_zneni],2,3,Paum_small,Key,a,20121210_174658,1,2,0,0,1.0,0.3333333333333333,0.5,0.5,0.5,-1,-1,21038,2404
[Plne_zneni],2,4,Paum_small,Key,a,20121210_174658,0,1,0,0,1.0,0.0,0.0,0.0,0.0,-1,-1,21984,1434
[Plne_zneni],2,5,Paum_small,Key,a,20121210_174658,0,0,0,0,1.0,1.0,1.0,1.0,1.0,-1,-1,21765,1656
[Plne_zneni],2,6,Paum_small,Key,a,20121210_174658,0,1,0,0,1.0,0.0,0.0,0.0,0.0,-1,-1,21786,1764
[Plne_zneni],2,7,Paum_small,Key,a,20121210_174658,0,3,0,0,1.0,0.0,0.0,0.0,0.0,-1,-1,21938,1499
[Plne_zneni],2,8,Paum_small,Key,a,20121210_174658,0,4,0,0,1.0,0.0,0.0,0.0,0.0,-1,-1,20693,2734
[Plne_zneni],2,9,Paum_small,Key,a,20121210_174658,0,3,0,0,1.0,0.0,0.0,0.0,0.0,-1,-1,26757,2278
[Plne_zneni],2,10,Paum_small,Key,a,20121210_174658,0,1,0,0,1.0,0.0,0.0,0.0,0.0,-1,-1,22359,1969
[Plne_zneni],2,1,Paum,Key,a,20121210_174658,0,2,0,0,1.0,0.0,0.0,0.0,0.0,-1,-1,27226,2497
[Plne_zneni],2,2,Paum,Key,a,20121210_174658,0,0,1,0,0.0,1.0,0.0,0.0,0.0,-1,-1,26725,2823
[Plne_zneni],2,3,Paum,Key,a,20121210_174658,1,2,0,0,1.0,0.3333333333333333,0.5,0.5,0.5,-1,-1,26225,3057
[Plne_zneni],2,4,Paum,Key,a,20121210_174658,0,1,0,0,1.0,0.0,0.0,0.0,0.0,-1,-1,28428,1873
[Plne_zneni],2,5,Paum,Key,a,20121210_174658,0,0,0,0,1.0,1.0,1.0,1.0,1.0,-1,-1,27349,2154
[Plne_zneni],2,6,Paum,Key,a,20121210_174658,0,1,0,0,1.0,0.0,0.0,0.0,0.0,-1,-1,27256,2230
[Plne_zneni],2,7,Paum,Key,a,20121210_174658,0,3,0,0,1.0,0.0,0.0,0.0,0.0,-1,-1,28130,1951
[Plne_zneni],2,8,Paum,Key,a,20121210_174658,0,4,0,0,1.0,0.0,0.0,0.0,0.0,-1,-1,25853,3604
[Plne_zneni],2,9,Paum,Key,a,20121210_174658,0,3,0,0,1.0,0.0,0.0,0.0,0.0,-1,-1,32870,2855
[Plne_zneni],2,10,Paum,Key,a,20121210_174658,0,1,1,0,0.0,0.0,0.0,0.0,0.0,-1,-1,26875,2494
[Plne_zneni],2,1,Paum_pos,Key,a,20121210_174658,0,2,0,0,1.0,0.0,0.0,0.0,0.0,-1,-1,43265,3745
[Plne_zneni],2,2,Paum_pos,Key,a,20121210_174658,0,0,1,0,0.0,1.0,0.0,0.0,0.0,-1,-1,42734,4148
[Plne_zneni],2,3,Paum_pos,Key,a,20121210_174658,1,2,0,0,1.0,0.3333333333333333,0.5,0.5,0.5,-1,-1,42843,4448
[Plne_zneni],2,4,Paum_pos,Key,a,20121210_174658,0,1,0,0,1.0,0.0,0.0,0.0,0.0,-1,-1,44747,2700
[Plne_zneni],2,5,Paum_pos,Key,a,20121210_174658,0,0,0,0,1.0,1.0,1.0,1.0,1.0,-1,-1,43886,3183
[Plne_zneni],2,6,Paum_pos,Key,a,20121210_174658,0,1,0,0,1.0,0.0,0.0,0.0,0.0,-1,-1,43793,3246
[Plne_zneni],2,7,Paum_pos,Key,a,20121210_174658,0,3,0,0,1.0,0.0,0.0,0.0,0.0,-1,-1,43948,2839
[Plne_zneni],2,8,Paum_pos,Key,a,20121210_174658,0,4,1,0,0.0,0.0,0.0,0.0,0.0,-1,-1,43456,5152
[Plne_zneni],2,9,Paum_pos,Key,a,20121210_174658,0,3,0,0,1.0,0.0,0.0,0.0,0.0,-1,-1,43184,4214
[Plne_zneni],2,10,Paum_pos,Key,a,20121210_174658,0,1,1,0,0.0,0.0,0.0,0.0,0.0,-1,-1,43371,3634
[Rozhodnuti_soudu],3,1,Paum_small,Key,a,20121210_181254,83,6,3,4,0.9222222222222223,0.8924731182795699,0.9071038251366121,0.9508196721311476,0.9289617486338799,-1,-1,24323,1889
[Rozhodnuti_soudu],3,2,Paum_small,Key,a,20121210_181254,72,4,4,0,0.9473684210526315,0.9473684210526315,0.9473684210526315,0.9473684210526315,0.9473684210526315,-1,-1,22941,1888
[Rozhodnuti_soudu],3,3,Paum_small,Key,a,20121210_181254,100,6,10,2,0.8928571428571429,0.9259259259259259,0.9090909090909091,0.9272727272727271,0.9181818181818181,-1,-1,22658,2075
[Rozhodnuti_soudu],3,4,Paum_small,Key,a,20121210_181254,53,6,5,7,0.8153846153846154,0.803030303030303,0.8091603053435115,0.9160305343511451,0.8625954198473282,-1,-1,23372,1341
[Rozhodnuti_soudu],3,5,Paum_small,Key,a,20121210_181254,80,3,41,3,0.6451612903225806,0.9302325581395349,0.761904761904762,0.7904761904761904,0.7761904761904762,-1,-1,21546,2840
[Rozhodnuti_soudu],3,6,Paum_small,Key,a,20121210_181254,49,2,3,1,0.9245283018867925,0.9423076923076923,0.9333333333333333,0.9523809523809524,0.9428571428571428,-1,-1,23076,1530
[Rozhodnuti_soudu],3,7,Paum_small,Key,a,20121210_181254,60,6,1,8,0.8695652173913043,0.8108108108108109,0.8391608391608392,0.951048951048951,0.8951048951048951,-1,-1,22826,1702
[Rozhodnuti_soudu],3,8,Paum_small,Key,a,20121210_181254,80,9,2,5,0.9195402298850575,0.851063829787234,0.8839779005524862,0.9392265193370166,0.9116022099447514,-1,-1,22685,2091
[Rozhodnuti_soudu],3,9,Paum_small,Key,a,20121210_181254,121,10,15,5,0.8581560283687943,0.8897058823529411,0.8736462093862816,0.9097472924187726,0.8916967509025271,-1,-1,21671,2481
[Rozhodnuti_soudu],3,10,Paum_small,Key,a,20121210_181254,102,6,25,6,0.7669172932330827,0.8947368421052632,0.8259109311740891,0.8744939271255059,0.8502024291497975,-1,-1,21718,2371
[Rozhodnuti_soudu],3,1,Paum,Key,a,20121210_181254,86,6,0,1,0.9885057471264368,0.9247311827956989,0.9555555555555556,0.9666666666666666,0.961111111111111,-1,-1,31452,2417
[Rozhodnuti_soudu],3,2,Paum,Key,a,20121210_181254,71,5,1,0,0.9861111111111112,0.9342105263157895,0.9594594594594595,0.9594594594594595,0.9594594594594595,-1,-1,28035,2387
[Rozhodnuti_soudu],3,3,Paum,Key,a,20121210_181254,104,4,10,0,0.9122807017543859,0.9629629629629629,0.9369369369369369,0.9369369369369369,0.9369369369369369,-1,-1,27396,2606
[Rozhodnuti_soudu],3,4,Paum,Key,a,20121210_181254,55,4,2,7,0.859375,0.8333333333333334,0.8461538461538461,0.9538461538461539,0.9,-1,-1,28724,1702
[Rozhodnuti_soudu],3,5,Paum,Key,a,20121210_181254,80,2,32,4,0.6896551724137931,0.9302325581395349,0.7920792079207921,0.8316831683168318,0.8118811881188119,-1,-1,26041,3494
[Rozhodnuti_soudu],3,6,Paum,Key,a,20121210_181254,49,2,0,1,0.98,0.9423076923076923,0.9607843137254902,0.9803921568627451,0.9705882352941176,-1,-1,27973,2012
[Rozhodnuti_soudu],3,7,Paum,Key,a,20121210_181254,63,5,0,6,0.9130434782608695,0.8513513513513513,0.881118881118881,0.965034965034965,0.923076923076923,-1,-1,27879,2200
[Rozhodnuti_soudu],3,8,Paum,Key,a,20121210_181254,82,8,0,4,0.9534883720930233,0.8723404255319149,0.9111111111111112,0.9555555555555556,0.9333333333333333,-1,-1,27209,2683
[Rozhodnuti_soudu],3,9,Paum,Key,a,20121210_181254,127,6,19,3,0.8523489932885906,0.9338235294117647,0.8912280701754386,0.9122807017543859,0.9017543859649122,-1,-1,26881,3089
[Rozhodnuti_soudu],3,10,Paum,Key,a,20121210_181254,102,6,27,6,0.7555555555555555,0.8947368421052632,0.8192771084337349,0.8674698795180723,0.8433734939759037,-1,-1,27006,3011
[Rozhodnuti_soudu],3,1,Paum_pos,Key,a,20121210_181254,87,5,1,1,0.9775280898876404,0.9354838709677419,0.956043956043956,0.967032967032967,0.9615384615384615,-1,-1,45228,3494
[Rozhodnuti_soudu],3,2,Paum_pos,Key,a,20121210_181254,73,3,1,0,0.9864864864864865,0.9605263157894737,0.9733333333333333,0.9733333333333333,0.9733333333333333,-1,-1,44260,3495
[Rozhodnuti_soudu],3,3,Paum_pos,Key,a,20121210_181254,99,9,9,0,0.9166666666666666,0.9166666666666666,0.9166666666666666,0.9166666666666666,0.9166666666666666,-1,-1,43855,3792
[Rozhodnuti_soudu],3,4,Paum_pos,Key,a,20121210_181254,60,5,2,1,0.9523809523809523,0.9090909090909091,0.9302325581395349,0.9457364341085271,0.937984496124031,-1,-1,45633,2402
[Rozhodnuti_soudu],3,5,Paum_pos,Key,a,20121210_181254,83,0,34,3,0.6916666666666667,0.9651162790697675,0.8058252427184466,0.8349514563106796,0.8203883495145631,-1,-1,41767,5180
[Rozhodnuti_soudu],3,6,Paum_pos,Key,a,20121210_181254,50,0,0,2,0.9615384615384616,0.9615384615384616,0.9615384615384616,1.0,0.9807692307692308,-1,-1,44885,2870
[Rozhodnuti_soudu],3,7,Paum_pos,Key,a,20121210_181254,63,7,0,4,0.9402985074626866,0.8513513513513513,0.8936170212765957,0.950354609929078,0.9219858156028369,-1,-1,44698,3166
[Rozhodnuti_soudu],3,8,Paum_pos,Key,a,20121210_181254,83,5,0,6,0.9325842696629213,0.8829787234042553,0.907103825136612,0.9726775956284154,0.9398907103825137,-1,-1,43496,3900
[Rozhodnuti_soudu],3,9,Paum_pos,Key,a,20121210_181254,126,6,17,4,0.8571428571428571,0.9264705882352942,0.8904593639575972,0.9187279151943463,0.9045936395759717,-1,-1,42700,4617
[Rozhodnuti_soudu],3,10,Paum_pos,Key,a,20121210_181254,106,3,32,5,0.7412587412587412,0.9298245614035088,0.8249027237354085,0.8638132295719845,0.8443579766536965,-1,-1,43106,4431
[Rozhodnuti_soudu],3,1,Paum_afun,Key,a,20121210_181254,86,6,1,1,0.9772727272727273,0.9247311827956989,0.9502762430939227,0.9613259668508287,0.9558011049723757,-1,-1,50003,3651
[Rozhodnuti_soudu],3,2,Paum_afun,Key,a,20121210_181254,73,3,1,0,0.9864864864864865,0.9605263157894737,0.9733333333333333,0.9733333333333333,0.9733333333333333,-1,-1,47100,3635
[Rozhodnuti_soudu],3,3,Paum_afun,Key,a,20121210_181254,99,9,8,0,0.9252336448598131,0.9166666666666666,0.9209302325581395,0.9209302325581395,0.9209302325581395,-1,-1,46772,3916
[Rozhodnuti_soudu],3,4,Paum_afun,Key,a,20121210_181254,60,5,2,1,0.9523809523809523,0.9090909090909091,0.9302325581395349,0.9457364341085271,0.937984496124031,-1,-1,48847,2480
[Rozhodnuti_soudu],3,5,Paum_afun,Key,a,20121210_181254,83,1,34,2,0.6974789915966386,0.9651162790697675,0.8097560975609756,0.8292682926829268,0.8195121951219512,-1,-1,44338,5397
[Rozhodnuti_soudu],3,6,Paum_afun,Key,a,20121210_181254,50,0,0,2,0.9615384615384616,0.9615384615384616,0.9615384615384616,1.0,0.9807692307692308,-1,-1,47973,3012
[Rozhodnuti_soudu],3,7,Paum_afun,Key,a,20121210_181254,63,7,0,4,0.9402985074626866,0.8513513513513513,0.8936170212765957,0.950354609929078,0.9219858156028369,-1,-1,47692,3323
[Rozhodnuti_soudu],3,8,Paum_afun,Key,a,20121210_181254,81,5,0,8,0.9101123595505618,0.8617021276595744,0.8852459016393442,0.9726775956284154,0.9289617486338798,-1,-1,46366,4089
[Rozhodnuti_soudu],3,9,Paum_afun,Key,a,20121210_181254,126,6,17,4,0.8571428571428571,0.9264705882352942,0.8904593639575972,0.9187279151943463,0.9045936395759717,-1,-1,45462,4805
[Rozhodnuti_soudu],3,10,Paum_afun,Key,a,20121210_181254,107,2,32,5,0.7430555555555556,0.9385964912280702,0.8294573643410853,0.8682170542635659,0.8488372093023255,-1,-1,46085,4586
[Ucinnost],4,1,Paum,Key,a,20121210_183802,12,0,2,0,0.8571428571428571,1.0,0.923076923076923,0.923076923076923,0.923076923076923,-1,-1,27130,2823
[Ucinnost],4,2,Paum,Key,a,20121210_183802,11,0,1,0,0.9166666666666666,1.0,0.9565217391304348,0.9565217391304348,0.9565217391304348,-1,-1,27926,2245
[Ucinnost],4,3,Paum,Key,a,20121210_183802,10,0,3,0,0.7692307692307693,1.0,0.8695652173913044,0.8695652173913044,0.8695652173913044,-1,-1,26974,2542
[Ucinnost],4,4,Paum,Key,a,20121210_183802,12,0,2,0,0.8571428571428571,1.0,0.923076923076923,0.923076923076923,0.923076923076923,-1,-1,26319,2683
[Ucinnost],4,5,Paum,Key,a,20121210_183802,13,0,0,0,1.0,1.0,1.0,1.0,1.0,-1,-1,26974,2106
[Ucinnost],4,6,Paum,Key,a,20121210_183802,12,0,1,0,0.9230769230769231,1.0,0.9600000000000001,0.9600000000000001,0.9600000000000001,-1,-1,26849,2169
[Ucinnost],4,7,Paum,Key,a,20121210_183802,9,0,3,0,0.75,1.0,0.8571428571428571,0.8571428571428571,0.8571428571428571,-1,-1,26850,2106
[Ucinnost],4,8,Paum,Key,a,20121210_183802,9,0,7,0,0.5625,1.0,0.72,0.72,0.72,-1,-1,26568,2168
[Ucinnost],4,9,Paum,Key,a,20121210_183802,16,1,3,0,0.8421052631578947,0.9411764705882353,0.8888888888888888,0.8888888888888888,0.8888888888888888,-1,-1,26335,2575
[Ucinnost],4,10,Paum,Key,a,20121210_183802,9,0,2,0,0.8181818181818182,1.0,0.9,0.9,0.9,-1,-1,26179,2823
[Ucinnost],4,1,Paum_pos,Key,a,20121210_183802,12,0,2,0,0.8571428571428571,1.0,0.923076923076923,0.923076923076923,0.923076923076923,-1,-1,43324,4290
[Ucinnost],4,2,Paum_pos,Key,a,20121210_183802,11,0,1,0,0.9166666666666666,1.0,0.9565217391304348,0.9565217391304348,0.9565217391304348,-1,-1,44274,3323
[Ucinnost],4,3,Paum_pos,Key,a,20121210_183802,10,0,3,0,0.7692307692307693,1.0,0.8695652173913044,0.8695652173913044,0.8695652173913044,-1,-1,42972,3760
[Ucinnost],4,4,Paum_pos,Key,a,20121210_183802,12,0,2,0,0.8571428571428571,1.0,0.923076923076923,0.923076923076923,0.923076923076923,-1,-1,42685,4056
[Ucinnost],4,5,Paum_pos,Key,a,20121210_183802,13,0,0,0,1.0,1.0,1.0,1.0,1.0,-1,-1,43824,3138
[Ucinnost],4,6,Paum_pos,Key,a,20121210_183802,12,0,1,0,0.9230769230769231,1.0,0.9600000000000001,0.9600000000000001,0.9600000000000001,-1,-1,43574,3214
[Ucinnost],4,7,Paum_pos,Key,a,20121210_183802,9,0,3,0,0.75,1.0,0.8571428571428571,0.8571428571428571,0.8571428571428571,-1,-1,43605,3182
[Ucinnost],4,8,Paum_pos,Key,a,20121210_183802,9,0,7,0,0.5625,1.0,0.72,0.72,0.72,-1,-1,42611,3261
[Ucinnost],4,9,Paum_pos,Key,a,20121210_183802,16,1,3,0,0.8421052631578947,0.9411764705882353,0.8888888888888888,0.8888888888888888,0.8888888888888888,-1,-1,43137,3774
[Ucinnost],4,10,Paum_pos,Key,a,20121210_183802,9,0,2,0,0.8181818181818182,1.0,0.9,0.9,0.9,-1,-1,42451,4245
[Ucinnost],4,1,Paum_afun,Key,a,20121210_183802,12,0,2,0,0.8571428571428571,1.0,0.923076923076923,0.923076923076923,0.923076923076923,-1,-1,45243,4447
[Ucinnost],4,2,Paum_afun,Key,a,20121210_183802,11,0,1,0,0.9166666666666666,1.0,0.9565217391304348,0.9565217391304348,0.9565217391304348,-1,-1,46944,3544
[Ucinnost],4,3,Paum_afun,Key,a,20121210_183802,10,0,3,0,0.7692307692307693,1.0,0.8695652173913044,0.8695652173913044,0.8695652173913044,-1,-1,46351,4010
[Ucinnost],4,4,Paum_afun,Key,a,20121210_183802,12,0,2,0,0.8571428571428571,1.0,0.923076923076923,0.923076923076923,0.923076923076923,-1,-1,45009,4228
[Ucinnost],4,5,Paum_afun,Key,a,20121210_183802,13,0,0,0,1.0,1.0,1.0,1.0,1.0,-1,-1,45773,3322
[Ucinnost],4,6,Paum_afun,Key,a,20121210_183802,12,0,1,0,0.9230769230769231,1.0,0.9600000000000001,0.9600000000000001,0.9600000000000001,-1,-1,45867,3369
[Ucinnost],4,7,Paum_afun,Key,a,20121210_183802,9,0,3,0,0.75,1.0,0.8571428571428571,0.8571428571428571,0.8571428571428571,-1,-1,46429,3322
[Ucinnost],4,8,Paum_afun,Key,a,20121210_183802,9,0,7,0,0.5625,1.0,0.72,0.72,0.72,-1,-1,45056,3354
[Ucinnost],4,9,Paum_afun,Key,a,20121210_183802,16,1,3,0,0.8421052631578947,0.9411764705882353,0.8888888888888888,0.8888888888888888,0.8888888888888888,-1,-1,44994,3994
[Ucinnost],4,10,Paum_afun,Key,a,20121210_183802,9,0,2,0,0.8181818181818182,1.0,0.9,0.9,0.9,-1,-1,44758,4398
[Ucinnost],4,1,Paum_small,Key,a,20121210_183802,12,0,2,0,0.8571428571428571,1.0,0.923076923076923,0.923076923076923,0.923076923076923,-1,-1,21547,2325
[Ucinnost],4,2,Paum_small,Key,a,20121210_183802,11,0,1,0,0.9166666666666666,1.0,0.9565217391304348,0.9565217391304348,0.9565217391304348,-1,-1,22092,1747
[Ucinnost],4,3,Paum_small,Key,a,20121210_183802,10,0,3,0,0.7692307692307693,1.0,0.8695652173913044,0.8695652173913044,0.8695652173913044,-1,-1,21859,2060
[Ucinnost],4,4,Paum_small,Key,a,20121210_183802,12,0,2,0,0.8571428571428571,1.0,0.923076923076923,0.923076923076923,0.923076923076923,-1,-1,21172,2124
[Ucinnost],4,5,Paum_small,Key,a,20121210_183802,13,0,0,0,1.0,1.0,1.0,1.0,1.0,-1,-1,21750,1685
[Ucinnost],4,6,Paum_small,Key,a,20121210_183802,12,0,1,0,0.9230769230769231,1.0,0.9600000000000001,0.9600000000000001,0.9600000000000001,-1,-1,21578,1670
[Ucinnost],4,7,Paum_small,Key,a,20121210_183802,9,0,3,0,0.75,1.0,0.8571428571428571,0.8571428571428571,0.8571428571428571,-1,-1,21561,1687
[Ucinnost],4,8,Paum_small,Key,a,20121210_183802,9,0,7,0,0.5625,1.0,0.72,0.72,0.72,-1,-1,21578,1702
[Ucinnost],4,9,Paum_small,Key,a,20121210_183802,16,1,3,0,0.8421052631578947,0.9411764705882353,0.8888888888888888,0.8888888888888888,0.8888888888888888,-1,-1,21390,2044
[Ucinnost],4,10,Paum_small,Key,a,20121210_183802,9,0,2,0,0.8181818181818182,1.0,0.9,0.9,0.9,-1,-1,21141,2233
[Zakon],5,1,Paum_small,Key,a,20121210_190551,85,32,24,26,0.6296296296296297,0.5944055944055944,0.6115107913669066,0.7985611510791367,0.7050359712230216,-1,-1,23185,2029
[Zakon],5,2,Paum_small,Key,a,20121210_190551,81,20,18,23,0.6639344262295082,0.6532258064516129,0.6585365853658537,0.8455284552845529,0.7520325203252033,-1,-1,24027,1654
[Zakon],5,3,Paum_small,Key,a,20121210_190551,38,4,29,14,0.4691358024691358,0.6785714285714286,0.5547445255474452,0.7591240875912408,0.656934306569343,-1,-1,23996,1731
[Zakon],5,4,Paum_small,Key,a,20121210_190551,78,13,8,19,0.7428571428571429,0.7090909090909091,0.7255813953488373,0.9023255813953489,0.8139534883720931,-1,-1,24636,1936
[Zakon],5,5,Paum_small,Key,a,20121210_190551,122,14,65,31,0.5596330275229358,0.7305389221556886,0.6337662337662338,0.7948051948051947,0.7142857142857142,-1,-1,23247,2637
[Zakon],5,6,Paum_small,Key,a,20121210_190551,63,6,129,12,0.3088235294117647,0.7777777777777778,0.44210526315789467,0.5263157894736842,0.4842105263157894,-1,-1,22187,2825
[Zakon],5,7,Paum_small,Key,a,20121210_190551,70,30,4,29,0.6796116504854369,0.5426356589147286,0.603448275862069,0.853448275862069,0.728448275862069,-1,-1,24245,1624
[Zakon],5,8,Paum_small,Key,a,20121210_190551,58,12,7,35,0.58,0.5523809523809524,0.5658536585365854,0.9073170731707316,0.7365853658536585,-1,-1,24139,1872
[Zakon],5,9,Paum_small,Key,a,20121210_190551,66,7,7,19,0.717391304347826,0.717391304347826,0.717391304347826,0.9239130434782609,0.8206521739130435,-1,-1,23855,2091
[Zakon],5,10,Paum_small,Key,a,20121210_190551,64,16,15,18,0.6597938144329897,0.6530612244897959,0.6564102564102564,0.8410256410256411,0.7487179487179487,-1,-1,24810,1653
[Zakon],5,1,Paum_pos,Key,a,20121210_190551,93,25,25,25,0.6503496503496503,0.6503496503496503,0.6503496503496503,0.8251748251748252,0.7377622377622377,-1,-1,47271,3760
[Zakon],5,2,Paum_pos,Key,a,20121210_190551,96,14,13,14,0.7804878048780488,0.7741935483870968,0.7773279352226721,0.8906882591093118,0.834008097165992,-1,-1,48426,3059
[Zakon],5,3,Paum_pos,Key,a,20121210_190551,43,3,28,10,0.5308641975308642,0.7678571428571429,0.6277372262773723,0.7737226277372262,0.7007299270072993,-1,-1,49174,3151
[Zakon],5,4,Paum_pos,Key,a,20121210_190551,85,11,11,14,0.7727272727272727,0.7727272727272727,0.7727272727272727,0.9,0.8363636363636364,-1,-1,49549,3604
[Zakon],5,5,Paum_pos,Key,a,20121210_190551,138,8,69,21,0.6052631578947368,0.8263473053892215,0.6987341772151898,0.8050632911392405,0.7518987341772152,-1,-1,46522,4882
[Zakon],5,6,Paum_pos,Key,a,20121210_190551,62,4,128,15,0.3024390243902439,0.7654320987654321,0.4335664335664336,0.5384615384615384,0.48601398601398604,-1,-1,45508,5208
[Zakon],5,7,Paum_pos,Key,a,20121210_190551,94,16,9,19,0.7704918032786885,0.7286821705426356,0.749003984063745,0.9003984063745021,0.8247011952191236,-1,-1,49580,3025
[Zakon],5,8,Paum_pos,Key,a,20121210_190551,70,12,6,23,0.7070707070707071,0.6666666666666666,0.6862745098039216,0.9117647058823529,0.7990196078431373,-1,-1,48799,3540
[Zakon],5,9,Paum_pos,Key,a,20121210_190551,65,13,8,14,0.7471264367816092,0.7065217391304348,0.7262569832402235,0.88268156424581,0.8044692737430168,-1,-1,48269,3933
[Zakon],5,10,Paum_pos,Key,a,20121210_190551,72,13,15,13,0.72,0.7346938775510204,0.7272727272727272,0.8585858585858585,0.7929292929292928,-1,-1,49533,3105
[Zakon],5,1,Paum,Key,a,20121210_190551,90,28,23,25,0.6521739130434783,0.6293706293706294,0.6405693950177936,0.8185053380782917,0.7295373665480427,-1,-1,29423,2589
[Zakon],5,2,Paum,Key,a,20121210_190551,97,10,18,17,0.7348484848484849,0.782258064516129,0.7578125,0.890625,0.82421875,-1,-1,30017,2058
[Zakon],5,3,Paum,Key,a,20121210_190551,39,5,28,12,0.4936708860759494,0.6964285714285714,0.5777777777777778,0.7555555555555556,0.6666666666666667,-1,-1,30422,2200
[Zakon],5,4,Paum,Key,a,20121210_190551,84,12,9,14,0.7850467289719626,0.7636363636363637,0.7741935483870966,0.9032258064516129,0.8387096774193548,-1,-1,30843,2495
[Zakon],5,5,Paum,Key,a,20121210_190551,133,13,72,21,0.588495575221239,0.7964071856287425,0.6768447837150127,0.7837150127226463,0.7302798982188294,-1,-1,29158,3307
[Zakon],5,6,Paum,Key,a,20121210_190551,62,5,136,14,0.29245283018867924,0.7654320987654321,0.42320819112627983,0.5187713310580204,0.4709897610921501,-1,-1,27972,3509
[Zakon],5,7,Paum,Key,a,20121210_190551,91,15,6,23,0.7583333333333333,0.7054263565891473,0.7309236947791165,0.9156626506024096,0.8232931726907631,-1,-1,30656,2122
[Zakon],5,8,Paum,Key,a,20121210_190551,69,9,8,27,0.6634615384615384,0.6571428571428571,0.6602870813397129,0.9186602870813396,0.7894736842105263,-1,-1,30328,2482
[Zakon],5,9,Paum,Key,a,20121210_190551,69,9,8,14,0.7582417582417582,0.75,0.7540983606557377,0.907103825136612,0.8306010928961749,-1,-1,30079,2635
[Zakon],5,10,Paum,Key,a,20121210_190551,72,8,14,18,0.6923076923076923,0.7346938775510204,0.7128712871287128,0.8910891089108911,0.801980198019802,-1,-1,31031,2137
[Zakon],5,1,Paum_afun,Key,a,20121210_190551,98,25,25,20,0.6853146853146853,0.6853146853146853,0.6853146853146853,0.8251748251748252,0.7552447552447552,-1,-1,49829,3978
[Zakon],5,2,Paum_afun,Key,a,20121210_190551,96,13,13,15,0.7741935483870968,0.7741935483870968,0.7741935483870968,0.8951612903225806,0.8346774193548387,-1,-1,50843,3168
[Zakon],5,3,Paum_afun,Key,a,20121210_190551,40,4,28,12,0.5,0.7142857142857143,0.588235294117647,0.7647058823529412,0.6764705882352942,-1,-1,50766,3325
[Zakon],5,4,Paum_afun,Key,a,20121210_190551,81,15,11,14,0.7641509433962265,0.7363636363636363,0.7500000000000001,0.8796296296296295,0.8148148148148149,-1,-1,51692,3775
[Zakon],5,5,Paum_afun,Key,a,20121210_190551,136,12,70,19,0.6044444444444445,0.8143712574850299,0.693877551020408,0.7908163265306122,0.7423469387755102,-1,-1,49502,5134
[Zakon],5,6,Paum_afun,Key,a,20121210_190551,62,4,127,15,0.30392156862745096,0.7654320987654321,0.43508771929824563,0.5403508771929825,0.48771929824561405,-1,-1,48472,5415
[Zakon],5,7,Paum_afun,Key,a,20121210_190551,93,19,8,17,0.788135593220339,0.7209302325581395,0.7530364372469636,0.8906882591093117,0.8218623481781376,-1,-1,52060,3152
[Zakon],5,8,Paum_afun,Key,a,20121210_190551,69,11,6,25,0.69,0.6571428571428571,0.6731707317073171,0.9170731707317075,0.7951219512195122,-1,-1,51343,3729
[Zakon],5,9,Paum_afun,Key,a,20121210_190551,66,12,8,14,0.75,0.717391304347826,0.7333333333333332,0.888888888888889,0.8111111111111111,-1,-1,50798,4103
[Zakon],5,10,Paum_afun,Key,a,20121210_190551,72,13,15,13,0.72,0.7346938775510204,0.7272727272727272,0.8585858585858585,0.7929292929292928,-1,-1,52216,3183
[Zkratka],6,1,Paum,Key,a,20121210_193120,14,1,4,0,0.7777777777777778,0.9333333333333333,0.8484848484848485,0.8484848484848485,0.8484848484848485,-1,-1,28035,1995
[Zkratka],6,2,Paum,Key,a,20121210_193120,8,1,2,0,0.8,0.8888888888888888,0.8421052631578948,0.8421052631578948,0.8421052631578948,-1,-1,28690,2152
[Zkratka],6,3,Paum,Key,a,20121210_193120,9,0,1,0,0.9,1.0,0.9473684210526316,0.9473684210526316,0.9473684210526316,-1,-1,30262,1793
[Zkratka],6,4,Paum,Key,a,20121210_193120,18,0,3,1,0.8181818181818182,0.9473684210526315,0.8780487804878049,0.9268292682926829,0.9024390243902438,-1,-1,27162,2964
[Zkratka],6,5,Paum,Key,a,20121210_193120,11,0,5,0,0.6875,1.0,0.8148148148148148,0.8148148148148148,0.8148148148148148,-1,-1,27615,2433
[Zkratka],6,6,Paum,Key,a,20121210_193120,19,0,3,0,0.8636363636363636,1.0,0.9268292682926829,0.9268292682926829,0.9268292682926829,-1,-1,30609,1965
[Zkratka],6,7,Paum,Key,a,20121210_193120,15,1,2,0,0.8823529411764706,0.9375,0.9090909090909091,0.9090909090909091,0.9090909090909091,-1,-1,27458,2886
[Zkratka],6,8,Paum,Key,a,20121210_193120,13,0,1,1,0.8666666666666667,0.9285714285714286,0.896551724137931,0.9655172413793104,0.9310344827586208,-1,-1,26460,2840
[Zkratka],6,9,Paum,Key,a,20121210_193120,19,0,2,1,0.8636363636363636,0.95,0.9047619047619048,0.9523809523809523,0.9285714285714286,-1,-1,27583,2012
[Zkratka],6,10,Paum,Key,a,20121210_193120,30,1,3,0,0.9090909090909091,0.967741935483871,0.9374999999999999,0.9374999999999999,0.9374999999999999,-1,-1,24791,4474
[Zkratka],6,1,Paum_afun,Key,a,20121210_193120,14,1,3,0,0.8235294117647058,0.9333333333333333,0.8749999999999999,0.8749999999999999,0.8749999999999999,-1,-1,46381,2933
[Zkratka],6,2,Paum_afun,Key,a,20121210_193120,8,1,2,0,0.8,0.8888888888888888,0.8421052631578948,0.8421052631578948,0.8421052631578948,-1,-1,46336,3232
[Zkratka],6,3,Paum_afun,Key,a,20121210_193120,8,1,0,0,1.0,0.8888888888888888,0.9411764705882353,0.9411764705882353,0.9411764705882353,-1,-1,49939,2590
[Zkratka],6,4,Paum_afun,Key,a,20121210_193120,18,0,2,1,0.8571428571428571,0.9473684210526315,0.9,0.9500000000000001,0.925,-1,-1,44966,4601
[Zkratka],6,5,Paum_afun,Key,a,20121210_193120,11,0,5,0,0.6875,1.0,0.8148148148148148,0.8148148148148148,0.8148148148148148,-1,-1,45102,3776
[Zkratka],6,6,Paum_afun,Key,a,20121210_193120,18,1,1,0,0.9473684210526315,0.9473684210526315,0.9473684210526315,0.9473684210526315,0.9473684210526315,-1,-1,46288,3027
[Zkratka],6,7,Paum_afun,Key,a,20121210_193120,14,2,2,0,0.875,0.875,0.875,0.875,0.875,-1,-1,44276,4445
[Zkratka],6,8,Paum_afun,Key,a,20121210_193120,13,0,1,1,0.8666666666666667,0.9285714285714286,0.896551724137931,0.9655172413793104,0.9310344827586208,-1,-1,44619,4446
[Zkratka],6,9,Paum_afun,Key,a,20121210_193120,19,0,1,1,0.9047619047619048,0.95,0.9268292682926829,0.975609756097561,0.9512195121951219,-1,-1,46569,3056
[Zkratka],6,10,Paum_afun,Key,a,20121210_193120,29,2,2,0,0.9354838709677419,0.9354838709677419,0.9354838709677419,0.9354838709677419,0.9354838709677419,-1,-1,41031,6942
[Zkratka],6,1,Paum_pos,Key,a,20121210_193120,14,1,3,0,0.8235294117647058,0.9333333333333333,0.8749999999999999,0.8749999999999999,0.8749999999999999,-1,-1,44479,2824
[Zkratka],6,2,Paum_pos,Key,a,20121210_193120,8,1,2,0,0.8,0.8888888888888888,0.8421052631578948,0.8421052631578948,0.8421052631578948,-1,-1,47378,3165
[Zkratka],6,3,Paum_pos,Key,a,20121210_193120,9,0,0,0,1.0,1.0,1.0,1.0,1.0,-1,-1,45461,2605
[Zkratka],6,4,Paum_pos,Key,a,20121210_193120,18,0,2,1,0.8571428571428571,0.9473684210526315,0.9,0.9500000000000001,0.925,-1,-1,42505,4417
[Zkratka],6,5,Paum_pos,Key,a,20121210_193120,11,0,5,0,0.6875,1.0,0.8148148148148148,0.8148148148148148,0.8148148148148148,-1,-1,43106,3713
[Zkratka],6,6,Paum_pos,Key,a,20121210_193120,17,2,2,0,0.8947368421052632,0.8947368421052632,0.8947368421052632,0.8947368421052632,0.8947368421052632,-1,-1,44666,2870
[Zkratka],6,7,Paum_pos,Key,a,20121210_193120,15,1,1,0,0.9375,0.9375,0.9375,0.9375,0.9375,-1,-1,42552,4275
[Zkratka],6,8,Paum_pos,Key,a,20121210_193120,13,0,1,1,0.8666666666666667,0.9285714285714286,0.896551724137931,0.9655172413793104,0.9310344827586208,-1,-1,42389,4243
[Zkratka],6,9,Paum_pos,Key,a,20121210_193120,19,0,1,1,0.9047619047619048,0.95,0.9268292682926829,0.975609756097561,0.9512195121951219,-1,-1,45258,2886
[Zkratka],6,10,Paum_pos,Key,a,20121210_193120,29,2,3,0,0.90625,0.9354838709677419,0.9206349206349206,0.9206349206349206,0.9206349206349206,-1,-1,39315,6632
[Zkratka],6,1,Paum_small,Key,a,20121210_193120,13,2,1,0,0.9285714285714286,0.8666666666666667,0.896551724137931,0.896551724137931,0.896551724137931,-1,-1,21953,1546
[Zkratka],6,2,Paum_small,Key,a,20121210_193120,9,0,2,0,0.8181818181818182,1.0,0.9,0.9,0.9,-1,-1,22202,1748
[Zkratka],6,3,Paum_small,Key,a,20121210_193120,8,1,0,0,1.0,0.8888888888888888,0.9411764705882353,0.9411764705882353,0.9411764705882353,-1,-1,23781,1514
[Zkratka],6,4,Paum_small,Key,a,20121210_193120,16,2,2,1,0.8421052631578947,0.8421052631578947,0.8421052631578947,0.8947368421052632,0.868421052631579,-1,-1,21032,2356
[Zkratka],6,5,Paum_small,Key,a,20121210_193120,11,0,5,0,0.6875,1.0,0.8148148148148148,0.8148148148148148,0.8148148148148148,-1,-1,21625,2123
[Zkratka],6,6,Paum_small,Key,a,20121210_193120,17,2,0,0,1.0,0.8947368421052632,0.9444444444444444,0.9444444444444444,0.9444444444444444,-1,-1,22030,1593
[Zkratka],6,7,Paum_small,Key,a,20121210_193120,13,3,1,0,0.9285714285714286,0.8125,0.8666666666666666,0.8666666666666666,0.8666666666666666,-1,-1,21281,2404
[Zkratka],6,8,Paum_small,Key,a,20121210_193120,11,2,1,1,0.8461538461538461,0.7857142857142857,0.8148148148148148,0.888888888888889,0.8518518518518519,-1,-1,21343,2294
[Zkratka],6,9,Paum_small,Key,a,20121210_193120,17,2,1,1,0.8947368421052632,0.85,0.8717948717948718,0.9230769230769231,0.8974358974358975,-1,-1,22093,1563
[Zkratka],6,10,Paum_small,Key,a,20121210_193120,24,7,1,0,0.96,0.7741935483870968,0.8571428571428571,0.8571428571428571,0.8571428571428571,-1,-1,19908,3574
