Key_Dataset,Key_Run,Key_Fold,Key_Scheme,Key_Scheme_options,Key_Scheme_version_ID,DateTime,Number Correct,Number Missing,Number Spurious,Number Overlap,Strict Precision,Strict Recall,Strict $F_1$,Lenient Precision,Lenient Recall,Lenient $F_1$,Average Precision,Average Recall,Average $F_1$,Accuracy,Tokens,Number Training Inst,Number Training Docs,Time Training,Time Testing
[Dokument],1,1,Paum_pos_orth_sent,Key,a,20130421_164224,3,9,1,0,0.75,0.25,0.375,0.75,0.25,0.375,0.75,0.25,0.375,0.0,0,-1,-1,116238,10217
[Dokument],1,2,Paum_pos_orth_sent,Key,a,20130421_164224,4,6,6,1,0.36363636363636365,0.36363636363636365,0.36363636363636365,0.45454545454545453,0.45454545454545453,0.45454545454545453,0.40909090909090906,0.40909090909090906,0.40909090909090906,0.0,0,-1,-1,117544,10173
[Dokument],1,3,Paum_pos_orth_sent,Key,a,20130421_164224,0,4,6,0,0.0,0.0,0.0,0.0,0.0,0.0,0.0,0.0,0.0,0.0,0,-1,-1,120872,9467
[Dokument],1,4,Paum_pos_orth_sent,Key,a,20130421_164224,1,8,5,0,0.16666666666666666,0.1111111111111111,0.13333333333333333,0.16666666666666666,0.1111111111111111,0.13333333333333333,0.16666666666666666,0.1111111111111111,0.13333333333333333,0.0,0,-1,-1,118486,8848
[Dokument],1,5,Paum_pos_orth_sent,Key,a,20130421_164224,0,13,3,1,0.0,0.0,0.0,0.25,0.07142857142857142,0.11111111111111112,0.125,0.03571428571428571,0.05555555555555556,0.0,0,-1,-1,116021,12043
[Dokument],1,6,Paum_pos_orth_sent,Key,a,20130421_164224,0,3,2,0,0.0,0.0,0.0,0.0,0.0,0.0,0.0,0.0,0.0,0.0,0,-1,-1,119827,9284
[Dokument],1,7,Paum_pos_orth_sent,Key,a,20130421_164224,0,0,0,0,1.0,1.0,1.0,1.0,1.0,1.0,1.0,1.0,1.0,0.0,0,-1,-1,121730,7364
[Dokument],1,8,Paum_pos_orth_sent,Key,a,20130421_164224,0,0,1,1,0.0,0.0,0.0,0.5,1.0,0.6666666666666666,0.25,0.5,0.3333333333333333,0.0,0,-1,-1,119280,10172
[Dokument],1,9,Paum_pos_orth_sent,Key,a,20130421_164224,0,1,4,0,0.0,0.0,0.0,0.0,0.0,0.0,0.0,0.0,0.0,0.0,0,-1,-1,121949,10063
[Dokument],1,10,Paum_pos_orth_sent,Key,a,20130421_164224,0,11,9,0,0.0,0.0,0.0,0.0,0.0,0.0,0.0,0.0,0.0,0.0,0,-1,-1,118672,10297
[Dokument],1,1,Paum,Key,a,20130421_164224,4,8,1,0,0.8,0.3333333333333333,0.47058823529411764,0.8,0.3333333333333333,0.47058823529411764,0.8,0.3333333333333333,0.47058823529411764,0.0,0,-1,-1,48066,4929
[Dokument],1,2,Paum,Key,a,20130421_164224,5,5,8,1,0.35714285714285715,0.45454545454545453,0.4,0.42857142857142855,0.5454545454545454,0.4799999999999999,0.39285714285714285,0.5,0.43999999999999995,0.0,0,-1,-1,48629,4882
[Dokument],1,3,Paum,Key,a,20130421_164224,0,4,6,0,0.0,0.0,0.0,0.0,0.0,0.0,0.0,0.0,0.0,0.0,0,-1,-1,49205,4446
[Dokument],1,4,Paum,Key,a,20130421_164224,1,8,12,0,0.07692307692307693,0.1111111111111111,0.09090909090909093,0.07692307692307693,0.1111111111111111,0.09090909090909093,0.07692307692307693,0.1111111111111111,0.09090909090909093,0.0,0,-1,-1,49049,4291
[Dokument],1,5,Paum,Key,a,20130421_164224,0,14,4,0,0.0,0.0,0.0,0.0,0.0,0.0,0.0,0.0,0.0,0.0,0,-1,-1,47583,5805
[Dokument],1,6,Paum,Key,a,20130421_164224,0,3,2,0,0.0,0.0,0.0,0.0,0.0,0.0,0.0,0.0,0.0,0.0,0,-1,-1,49349,4462
[Dokument],1,7,Paum,Key,a,20130421_164224,0,0,0,0,1.0,1.0,1.0,1.0,1.0,1.0,1.0,1.0,1.0,0.0,0,-1,-1,50152,3685
[Dokument],1,8,Paum,Key,a,20130421_164224,0,0,2,1,0.0,0.0,0.0,0.3333333333333333,1.0,0.5,0.16666666666666666,0.5,0.25,0.0,0,-1,-1,48738,4897
[Dokument],1,9,Paum,Key,a,20130421_164224,0,1,6,0,0.0,0.0,0.0,0.0,0.0,0.0,0.0,0.0,0.0,0.0,0,-1,-1,50188,4948
[Dokument],1,10,Paum,Key,a,20130421_164224,0,11,12,0,0.0,0.0,0.0,0.0,0.0,0.0,0.0,0.0,0.0,0.0,0,-1,-1,50008,5008
[Dokument],1,1,Paum_small,Key,a,20130421_164224,2,10,1,0,0.6666666666666666,0.16666666666666666,0.26666666666666666,0.6666666666666666,0.16666666666666666,0.26666666666666666,0.6666666666666666,0.16666666666666666,0.26666666666666666,0.0,0,-1,-1,37879,4089
[Dokument],1,2,Paum_small,Key,a,20130421_164224,3,8,7,0,0.3,0.2727272727272727,0.28571428571428564,0.3,0.2727272727272727,0.28571428571428564,0.3,0.2727272727272727,0.28571428571428564,0.0,0,-1,-1,38206,4011
[Dokument],1,3,Paum_small,Key,a,20130421_164224,0,3,6,1,0.0,0.0,0.0,0.14285714285714285,0.25,0.18181818181818182,0.07142857142857142,0.125,0.09090909090909091,0.0,0,-1,-1,39002,5665
[Dokument],1,4,Paum_small,Key,a,20130421_164224,1,8,12,0,0.07692307692307693,0.1111111111111111,0.09090909090909093,0.07692307692307693,0.1111111111111111,0.09090909090909093,0.07692307692307693,0.1111111111111111,0.09090909090909093,0.0,0,-1,-1,38737,3490
[Dokument],1,5,Paum_small,Key,a,20130421_164224,0,14,5,0,0.0,0.0,0.0,0.0,0.0,0.0,0.0,0.0,0.0,0.0,0,-1,-1,37364,4759
[Dokument],1,6,Paum_small,Key,a,20130421_164224,0,3,3,0,0.0,0.0,0.0,0.0,0.0,0.0,0.0,0.0,0.0,0.0,0,-1,-1,38706,3665
[Dokument],1,7,Paum_small,Key,a,20130421_164224,0,0,2,0,0.0,1.0,0.0,0.0,1.0,0.0,0.0,1.0,0.0,0.0,0,-1,-1,39735,2854
[Dokument],1,8,Paum_small,Key,a,20130421_164224,0,0,1,1,0.0,0.0,0.0,0.5,1.0,0.6666666666666666,0.25,0.5,0.3333333333333333,0.0,0,-1,-1,38378,4025
[Dokument],1,9,Paum_small,Key,a,20130421_164224,0,1,8,0,0.0,0.0,0.0,0.0,0.0,0.0,0.0,0.0,0.0,0.0,0,-1,-1,40032,3991
[Dokument],1,10,Paum_small,Key,a,20130421_164224,0,11,11,0,0.0,0.0,0.0,0.0,0.0,0.0,0.0,0.0,0.0,0.0,0,-1,-1,39314,4183
[Dokument],1,1,Paum_pos,Key,a,20130421_164224,3,9,1,0,0.75,0.25,0.375,0.75,0.25,0.375,0.75,0.25,0.375,0.0,0,-1,-1,79127,7442
[Dokument],1,2,Paum_pos,Key,a,20130421_164224,4,6,6,1,0.36363636363636365,0.36363636363636365,0.36363636363636365,0.45454545454545453,0.45454545454545453,0.45454545454545453,0.40909090909090906,0.40909090909090906,0.40909090909090906,0.0,0,-1,-1,80171,7332
[Dokument],1,3,Paum_pos,Key,a,20130421_164224,0,4,6,0,0.0,0.0,0.0,0.0,0.0,0.0,0.0,0.0,0.0,0.0,0,-1,-1,81513,6335
[Dokument],1,4,Paum_pos,Key,a,20130421_164224,1,8,5,0,0.16666666666666666,0.1111111111111111,0.13333333333333333,0.16666666666666666,0.1111111111111111,0.13333333333333333,0.16666666666666666,0.1111111111111111,0.13333333333333333,0.0,0,-1,-1,80338,6506
[Dokument],1,5,Paum_pos,Key,a,20130421_164224,0,13,3,1,0.0,0.0,0.0,0.25,0.07142857142857142,0.11111111111111112,0.125,0.03571428571428571,0.05555555555555556,0.0,0,-1,-1,78610,8720
[Dokument],1,6,Paum_pos,Key,a,20130421_164224,0,3,2,0,0.0,0.0,0.0,0.0,0.0,0.0,0.0,0.0,0.0,0.0,0,-1,-1,80483,6692
[Dokument],1,7,Paum_pos,Key,a,20130421_164224,0,0,0,0,1.0,1.0,1.0,1.0,1.0,1.0,1.0,1.0,1.0,0.0,0,-1,-1,82307,5319
[Dokument],1,8,Paum_pos,Key,a,20130421_164224,0,0,1,1,0.0,0.0,0.0,0.5,1.0,0.6666666666666666,0.25,0.5,0.3333333333333333,0.0,0,-1,-1,80343,7333
[Dokument],1,9,Paum_pos,Key,a,20130421_164224,0,1,4,0,0.0,0.0,0.0,0.0,0.0,0.0,0.0,0.0,0.0,0.0,0,-1,-1,83198,7300
[Dokument],1,10,Paum_pos,Key,a,20130421_164224,0,11,8,0,0.0,0.0,0.0,0.0,0.0,0.0,0.0,0.0,0.0,0.0,0,-1,-1,80873,7610
[Instituce],2,1,Paum_small,Key,a,20130421_174240,394,18,108,0,0.7848605577689243,0.9563106796116505,0.862144420131291,0.7848605577689243,0.9563106796116505,0.862144420131291,0.7848605577689243,0.9563106796116505,0.862144420131291,0.0,0,-1,-1,44493,4431
[Instituce],2,2,Paum_small,Key,a,20130421_174240,339,11,143,3,0.6989690721649484,0.9603399433427762,0.8090692124105011,0.7051546391752578,0.9688385269121813,0.8162291169451074,0.702061855670103,0.9645892351274787,0.8126491646778042,0.0,0,-1,-1,46989,4303
[Instituce],2,3,Paum_small,Key,a,20130421_174240,255,6,192,9,0.5592105263157895,0.9444444444444444,0.7024793388429752,0.5789473684210527,0.9777777777777777,0.7272727272727273,0.569078947368421,0.961111111111111,0.7148760330578512,0.0,0,-1,-1,47114,3588
[Instituce],2,4,Paum_small,Key,a,20130421_174240,272,14,170,1,0.6139954853273137,0.9477351916376306,0.7452054794520547,0.6162528216704289,0.9512195121951219,0.7479452054794522,0.6151241534988714,0.9494773519163763,0.7465753424657535,0.0,0,-1,-1,47238,3696
[Instituce],2,5,Paum_small,Key,a,20130421_174240,442,30,152,11,0.7305785123966942,0.9151138716356108,0.8125,0.7487603305785124,0.937888198757764,0.832720588235294,0.7396694214876034,0.9265010351966874,0.822610294117647,0.0,0,-1,-1,43776,5010
[Instituce],2,6,Paum_small,Key,a,20130421_174240,328,14,125,5,0.7161572052401747,0.9452449567723343,0.8149068322981367,0.7270742358078602,0.9596541786743515,0.8273291925465839,0.7216157205240175,0.9524495677233429,0.8211180124223603,0.0,0,-1,-1,45148,3775
[Instituce],2,7,Paum_small,Key,a,20130421_174240,242,25,137,4,0.6318537859007833,0.8929889298892989,0.7400611620795107,0.6422976501305483,0.9077490774907749,0.7522935779816514,0.6370757180156659,0.9003690036900369,0.746177370030581,0.0,0,-1,-1,46022,3121
[Instituce],2,8,Paum_small,Key,a,20130421_174240,370,14,99,2,0.7855626326963907,0.9585492227979274,0.8634772462077013,0.7898089171974523,0.9637305699481865,0.8681446907817969,0.7876857749469215,0.961139896373057,0.865810968494749,0.0,0,-1,-1,44930,4086
[Instituce],2,9,Paum_small,Key,a,20130421_174240,388,8,132,3,0.7418738049713193,0.9724310776942355,0.841648590021692,0.7476099426386233,0.9799498746867168,0.8481561822125813,0.7447418738049714,0.9761904761904762,0.8449023861171366,0.0,0,-1,-1,44790,3918
[Instituce],2,10,Paum_small,Key,a,20130421_174240,399,40,168,12,0.689119170984456,0.88470066518847,0.7747572815533981,0.7098445595854922,0.9113082039911308,0.7980582524271844,0.6994818652849741,0.8980044345898004,0.7864077669902912,0.0,0,-1,-1,43589,4181
[Instituce],2,1,Paum_pos,Key,a,20130421_174240,396,14,117,2,0.7689320388349514,0.9611650485436893,0.8543689320388349,0.7728155339805826,0.9660194174757282,0.8586839266450916,0.770873786407767,0.9635922330097088,0.8565264293419632,0.0,0,-1,-1,95334,8297
[Instituce],2,2,Paum_pos,Key,a,20130421_174240,339,11,137,3,0.7077244258872651,0.9603399433427762,0.814903846153846,0.7139874739039666,0.9688385269121813,0.8221153846153846,0.7108559498956158,0.9645892351274787,0.8185096153846153,0.0,0,-1,-1,97223,7979
[Instituce],2,3,Paum_pos,Key,a,20130421_174240,256,7,190,7,0.565121412803532,0.9481481481481482,0.7081604426002767,0.5805739514348786,0.9740740740740741,0.7275242047026279,0.5728476821192052,0.9611111111111111,0.7178423236514523,0.0,0,-1,-1,101029,6491
[Instituce],2,4,Paum_pos,Key,a,20130421_174240,276,10,166,1,0.6230248306997742,0.9616724738675958,0.7561643835616437,0.6252821670428894,0.9651567944250871,0.758904109589041,0.6241534988713318,0.9634146341463414,0.7575342465753423,0.0,0,-1,-1,93324,6743
[Instituce],2,5,Paum_pos,Key,a,20130421_174240,441,33,147,9,0.7386934673366834,0.9130434782608695,0.8166666666666668,0.7537688442211056,0.9316770186335404,0.8333333333333333,0.7462311557788945,0.9223602484472049,0.825,0.0,0,-1,-1,89156,9110
[Instituce],2,6,Paum_pos,Key,a,20130421_174240,331,13,126,3,0.7195652173913043,0.9538904899135446,0.8203221809169763,0.7260869565217392,0.962536023054755,0.8277571251548947,0.7228260869565217,0.9582132564841499,0.8240396530359355,0.0,0,-1,-1,92635,6955
[Instituce],2,7,Paum_pos,Key,a,20130421_174240,251,17,133,3,0.648578811369509,0.9261992619926199,0.7629179331306991,0.6563307493540051,0.9372693726937269,0.7720364741641337,0.6524547803617571,0.9317343173431734,0.7674772036474165,0.0,0,-1,-1,94260,5674
[Instituce],2,8,Paum_pos,Key,a,20130421_174240,361,19,99,6,0.7746781115879828,0.9352331606217616,0.8474178403755869,0.7875536480686696,0.9507772020725389,0.8615023474178404,0.7811158798283262,0.9430051813471503,0.8544600938967136,0.0,0,-1,-1,91637,7489
[Instituce],2,9,Paum_pos,Key,a,20130421_174240,382,14,123,3,0.7519685039370079,0.9573934837092731,0.8423373759647188,0.7578740157480315,0.9649122807017544,0.8489525909592063,0.7549212598425197,0.9611528822055138,0.8456449834619626,0.0,0,-1,-1,90905,7206
[Instituce],2,10,Paum_pos,Key,a,20130421_174240,400,47,167,4,0.7005253940455342,0.8869179600886918,0.7827788649706459,0.7075306479859895,0.8957871396895787,0.7906066536203523,0.7040280210157619,0.8913525498891353,0.7866927592954991,0.0,0,-1,-1,89578,7520
[Instituce],2,1,Paum,Key,a,20130421_174240,400,11,111,1,0.78125,0.970873786407767,0.8658008658008659,0.783203125,0.9733009708737864,0.867965367965368,0.7822265625,0.9720873786407767,0.866883116883117,0.0,0,-1,-1,56771,5773
[Instituce],2,2,Paum,Key,a,20130421_174240,343,6,138,4,0.7072164948453609,0.9716713881019831,0.8186157517899761,0.7154639175257732,0.9830028328611898,0.8281622911694512,0.711340206185567,0.9773371104815864,0.8233890214797137,0.0,0,-1,-1,57850,5357
[Instituce],2,3,Paum,Key,a,20130421_174240,256,7,178,7,0.5804988662131519,0.9481481481481482,0.7201125175808721,0.5963718820861678,0.9740740740740741,0.7398030942334739,0.5884353741496599,0.9611111111111111,0.729957805907173,0.0,0,-1,-1,62242,4445
[Instituce],2,4,Paum,Key,a,20130421_174240,275,11,165,1,0.6235827664399093,0.9581881533101045,0.7554945054945056,0.6258503401360545,0.9616724738675958,0.7582417582417583,0.6247165532879819,0.9599303135888502,0.756868131868132,0.0,0,-1,-1,59812,4616
[Instituce],2,5,Paum,Key,a,20130421_174240,442,28,145,13,0.7366666666666667,0.9151138716356108,0.8162511542012927,0.7583333333333333,0.9420289855072463,0.840258541089566,0.7475,0.9285714285714286,0.8282548476454293,0.0,0,-1,-1,55539,6164
[Instituce],2,6,Paum,Key,a,20130421_174240,329,15,129,3,0.7136659436008677,0.9481268011527377,0.8143564356435643,0.720173535791757,0.9567723342939481,0.8217821782178217,0.7169197396963123,0.9524495677233429,0.818069306930693,0.0,0,-1,-1,57505,4745
[Instituce],2,7,Paum,Key,a,20130421_174240,250,17,143,4,0.6297229219143576,0.922509225092251,0.748502994011976,0.6397984886649875,0.9372693726937269,0.7604790419161677,0.6347607052896725,0.929889298892989,0.7544910179640718,0.0,0,-1,-1,59095,3902
[Instituce],2,8,Paum,Key,a,20130421_174240,366,15,96,5,0.7837259100642399,0.9481865284974094,0.8581477139507621,0.7944325481798715,0.961139896373057,0.8698710433763188,0.7890792291220556,0.9546632124352332,0.8640093786635404,0.0,0,-1,-1,57042,5118
[Instituce],2,9,Paum,Key,a,20130421_174240,388,9,132,2,0.7432950191570882,0.9724310776942355,0.8425624321389794,0.7471264367816092,0.9774436090225563,0.8469055374592834,0.7452107279693487,0.9749373433583959,0.8447339847991314,0.0,0,-1,-1,57255,4866
[Instituce],2,10,Paum,Key,a,20130421_174240,399,49,164,3,0.7049469964664311,0.88470066518847,0.7846607669616519,0.7102473498233216,0.8913525498891353,0.7905604719764012,0.7075971731448764,0.8880266075388026,0.7876106194690266,0.0,0,-1,-1,55534,5151
[Instituce],2,1,Paum_pos_orth_sent,Key,a,20130421_174240,394,17,112,1,0.777120315581854,0.9563106796116505,0.8574537540805224,0.7790927021696252,0.9587378640776699,0.8596300326441786,0.7781065088757396,0.9575242718446602,0.8585418933623505,0.0,0,-1,-1,138389,10905
[Instituce],2,2,Paum_pos_orth_sent,Key,a,20130421_174240,343,5,144,5,0.6971544715447154,0.9716713881019831,0.8118343195266272,0.7073170731707317,0.9858356940509915,0.8236686390532545,0.7022357723577235,0.9787535410764873,0.8177514792899409,0.0,0,-1,-1,140498,11063
[Instituce],2,3,Paum_pos_orth_sent,Key,a,20130421_174240,256,6,189,8,0.565121412803532,0.9481481481481482,0.7081604426002767,0.5827814569536424,0.9777777777777777,0.7302904564315352,0.5739514348785872,0.962962962962963,0.719225449515906,0.0,0,-1,-1,146412,8814
[Instituce],2,4,Paum_pos_orth_sent,Key,a,20130421_174240,274,12,163,1,0.6255707762557078,0.9547038327526133,0.7558620689655173,0.6278538812785388,0.9581881533101045,0.7586206896551723,0.6267123287671232,0.9564459930313589,0.7572413793103447,0.0,0,-1,-1,135131,9251
[Instituce],2,5,Paum_pos_orth_sent,Key,a,20130421_174240,446,32,144,5,0.7495798319327731,0.9233954451345756,0.8274582560296847,0.7579831932773109,0.9337474120082816,0.8367346938775511,0.753781512605042,0.9285714285714286,0.8320964749536179,0.0,0,-1,-1,130356,12385
[Instituce],2,6,Paum_pos_orth_sent,Key,a,20130421_174240,329,13,126,5,0.7152173913043478,0.9481268011527377,0.8153655514250309,0.7260869565217392,0.962536023054755,0.8277571251548947,0.7206521739130435,0.9553314121037464,0.8215613382899628,0.0,0,-1,-1,134491,9594
[Instituce],2,7,Paum_pos_orth_sent,Key,a,20130421_174240,250,16,138,5,0.6361323155216285,0.922509225092251,0.7530120481927711,0.648854961832061,0.940959409594096,0.7680722891566265,0.6424936386768447,0.9317343173431735,0.7605421686746988,0.0,0,-1,-1,137423,7647
[Instituce],2,8,Paum_pos_orth_sent,Key,a,20130421_174240,360,19,102,7,0.767590618336887,0.9326424870466321,0.8421052631578948,0.7825159914712153,0.9507772020725389,0.8584795321637427,0.7750533049040511,0.9417098445595855,0.8502923976608188,0.0,0,-1,-1,133648,10154
[Instituce],2,9,Paum_pos_orth_sent,Key,a,20130421_174240,390,7,127,2,0.7514450867052023,0.9774436090225563,0.8496732026143791,0.7552986512524085,0.9824561403508771,0.8540305010893245,0.7533718689788054,0.9799498746867168,0.8518518518518519,0.0,0,-1,-1,131464,9875
[Instituce],2,10,Paum_pos_orth_sent,Key,a,20130421_174240,399,49,169,3,0.6987740805604203,0.88470066518847,0.7808219178082191,0.7040280210157618,0.8913525498891353,0.7866927592954989,0.701401050788091,0.8880266075388026,0.783757338551859,0.0,0,-1,-1,130544,10293
[Plne_zneni],3,1,Paum,Key,a,20130421_183835,17,11,24,3,0.38636363636363635,0.5483870967741935,0.4533333333333333,0.45454545454545453,0.6451612903225806,0.5333333333333333,0.4204545454545454,0.596774193548387,0.4933333333333333,0.0,0,-1,-1,50235,4997
[Plne_zneni],3,2,Paum,Key,a,20130421_183835,17,5,10,1,0.6071428571428571,0.7391304347826086,0.6666666666666666,0.6428571428571429,0.782608695652174,0.7058823529411765,0.625,0.7608695652173914,0.6862745098039216,0.0,0,-1,-1,50781,4886
[Plne_zneni],3,3,Paum,Key,a,20130421_183835,10,14,5,4,0.5263157894736842,0.35714285714285715,0.425531914893617,0.7368421052631579,0.5,0.5957446808510638,0.631578947368421,0.4285714285714286,0.5106382978723404,0.0,0,-1,-1,51826,4120
[Plne_zneni],3,4,Paum,Key,a,20130421_183835,18,22,5,2,0.72,0.42857142857142855,0.5373134328358209,0.8,0.47619047619047616,0.5970149253731344,0.76,0.45238095238095233,0.5671641791044777,0.0,0,-1,-1,52079,4291
[Plne_zneni],3,5,Paum,Key,a,20130421_183835,20,8,10,1,0.6451612903225806,0.6896551724137931,0.6666666666666667,0.6774193548387096,0.7241379310344828,0.7,0.6612903225806451,0.7068965517241379,0.6833333333333333,0.0,0,-1,-1,49862,5804
[Plne_zneni],3,6,Paum,Key,a,20130421_183835,14,12,17,4,0.4,0.4666666666666667,0.4307692307692308,0.5142857142857142,0.6,0.5538461538461538,0.45714285714285713,0.5333333333333333,0.4923076923076923,0.0,0,-1,-1,52076,4509
[Plne_zneni],3,7,Paum,Key,a,20130421_183835,11,8,17,4,0.34375,0.4782608695652174,0.4,0.46875,0.6521739130434783,0.5454545454545454,0.40625,0.5652173913043479,0.4727272727272727,0.0,0,-1,-1,53269,3607
[Plne_zneni],3,8,Paum,Key,a,20130421_183835,7,8,9,1,0.4117647058823529,0.4375,0.42424242424242425,0.47058823529411764,0.5,0.48484848484848486,0.4411764705882353,0.46875,0.4545454545454546,0.0,0,-1,-1,51952,4930
[Plne_zneni],3,9,Paum,Key,a,20130421_183835,12,3,9,0,0.5714285714285714,0.8,0.6666666666666666,0.5714285714285714,0.8,0.6666666666666666,0.5714285714285714,0.8,0.6666666666666666,0.0,0,-1,-1,52501,4923
[Plne_zneni],3,10,Paum,Key,a,20130421_183835,17,20,4,4,0.68,0.4146341463414634,0.5151515151515151,0.84,0.5121951219512195,0.6363636363636365,0.76,0.46341463414634143,0.5757575757575758,0.0,0,-1,-1,53908,4977
[Plne_zneni],3,1,Paum_pos_orth_sent,Key,a,20130421_183835,14,14,19,3,0.3888888888888889,0.45161290322580644,0.417910447761194,0.4722222222222222,0.5483870967741935,0.5074626865671641,0.4305555555555556,0.5,0.46268656716417905,0.0,0,-1,-1,123555,10278
[Plne_zneni],3,2,Paum_pos_orth_sent,Key,a,20130421_183835,15,7,10,1,0.5769230769230769,0.6521739130434783,0.6122448979591837,0.6153846153846154,0.6956521739130435,0.6530612244897959,0.5961538461538461,0.6739130434782609,0.6326530612244898,0.0,0,-1,-1,127564,10189
[Plne_zneni],3,3,Paum_pos_orth_sent,Key,a,20130421_183835,8,16,4,4,0.5,0.2857142857142857,0.36363636363636365,0.75,0.42857142857142855,0.5454545454545454,0.625,0.3571428571428571,0.45454545454545453,0.0,0,-1,-1,128173,8517
[Plne_zneni],3,4,Paum_pos_orth_sent,Key,a,20130421_183835,18,22,5,2,0.72,0.42857142857142855,0.5373134328358209,0.8,0.47619047619047616,0.5970149253731344,0.76,0.45238095238095233,0.5671641791044777,0.0,0,-1,-1,125053,8894
[Plne_zneni],3,5,Paum_pos_orth_sent,Key,a,20130421_183835,18,10,12,1,0.5806451612903226,0.6206896551724138,0.6000000000000001,0.6129032258064516,0.6551724137931034,0.6333333333333333,0.5967741935483871,0.6379310344827587,0.6166666666666667,0.0,0,-1,-1,121621,12105
[Plne_zneni],3,6,Paum_pos_orth_sent,Key,a,20130421_183835,14,12,7,4,0.56,0.4666666666666667,0.509090909090909,0.72,0.6,0.6545454545454547,0.64,0.5333333333333333,0.5818181818181818,0.0,0,-1,-1,128422,9251
[Plne_zneni],3,7,Paum_pos_orth_sent,Key,a,20130421_183835,9,11,3,3,0.6,0.391304347826087,0.47368421052631576,0.8,0.5217391304347826,0.6315789473684211,0.7,0.4565217391304348,0.5526315789473685,0.0,0,-1,-1,131216,7424
[Plne_zneni],3,8,Paum_pos_orth_sent,Key,a,20130421_183835,6,8,7,2,0.4,0.375,0.38709677419354843,0.5333333333333333,0.5,0.5161290322580646,0.4666666666666667,0.4375,0.4516129032258065,0.0,0,-1,-1,129064,10281
[Plne_zneni],3,9,Paum_pos_orth_sent,Key,a,20130421_183835,10,5,8,0,0.5555555555555556,0.6666666666666666,0.606060606060606,0.5555555555555556,0.6666666666666666,0.606060606060606,0.5555555555555556,0.6666666666666666,0.606060606060606,0.0,0,-1,-1,133074,10043
[Plne_zneni],3,10,Paum_pos_orth_sent,Key,a,20130421_183835,15,22,4,4,0.6521739130434783,0.36585365853658536,0.46874999999999994,0.8260869565217391,0.4634146341463415,0.59375,0.7391304347826086,0.41463414634146345,0.53125,0.0,0,-1,-1,129875,10327
[Plne_zneni],3,1,Paum_pos,Key,a,20130421_183835,14,14,18,3,0.4,0.45161290322580644,0.4242424242424243,0.4857142857142857,0.5483870967741935,0.5151515151515151,0.44285714285714284,0.5,0.4696969696969697,0.0,0,-1,-1,84040,7377
[Plne_zneni],3,2,Paum_pos,Key,a,20130421_183835,15,7,10,1,0.5769230769230769,0.6521739130434783,0.6122448979591837,0.6153846153846154,0.6956521739130435,0.6530612244897959,0.5961538461538461,0.6739130434782609,0.6326530612244898,0.0,0,-1,-1,85320,7394
[Plne_zneni],3,3,Paum_pos,Key,a,20130421_183835,8,16,4,4,0.5,0.2857142857142857,0.36363636363636365,0.75,0.42857142857142855,0.5454545454545454,0.625,0.3571428571428571,0.45454545454545453,0.0,0,-1,-1,86630,6224
[Plne_zneni],3,4,Paum_pos,Key,a,20130421_183835,11,29,2,2,0.7333333333333333,0.2619047619047619,0.38596491228070173,0.8666666666666667,0.30952380952380953,0.45614035087719296,0.8,0.2857142857142857,0.42105263157894735,0.0,0,-1,-1,86161,6566
[Plne_zneni],3,5,Paum_pos,Key,a,20130421_183835,18,10,11,1,0.6,0.6206896551724138,0.6101694915254238,0.6333333333333333,0.6551724137931034,0.6440677966101694,0.6166666666666667,0.6379310344827587,0.6271186440677966,0.0,0,-1,-1,83244,8752
[Plne_zneni],3,6,Paum_pos,Key,a,20130421_183835,11,15,7,4,0.5,0.36666666666666664,0.423076923076923,0.6818181818181818,0.5,0.576923076923077,0.5909090909090908,0.43333333333333335,0.5,0.0,0,-1,-1,88479,6753
[Plne_zneni],3,7,Paum_pos,Key,a,20130421_183835,10,10,3,3,0.625,0.43478260869565216,0.5128205128205128,0.8125,0.5652173913043478,0.6666666666666667,0.71875,0.5,0.5897435897435898,0.0,0,-1,-1,89037,5366
[Plne_zneni],3,8,Paum_pos,Key,a,20130421_183835,7,7,18,2,0.25925925925925924,0.4375,0.3255813953488372,0.3333333333333333,0.5625,0.4186046511627907,0.2962962962962963,0.5,0.37209302325581395,0.0,0,-1,-1,86848,7396
[Plne_zneni],3,9,Paum_pos,Key,a,20130421_183835,11,4,9,0,0.55,0.7333333333333333,0.6285714285714286,0.55,0.7333333333333333,0.6285714285714286,0.55,0.7333333333333333,0.6285714285714286,0.0,0,-1,-1,89539,7320
[Plne_zneni],3,10,Paum_pos,Key,a,20130421_183835,15,22,5,4,0.625,0.36585365853658536,0.4615384615384615,0.7916666666666666,0.4634146341463415,0.5846153846153846,0.7083333333333333,0.41463414634146345,0.5230769230769231,0.0,0,-1,-1,93025,7598
[Plne_zneni],3,1,Paum_small,Key,a,20130421_183835,8,23,4,0,0.6666666666666666,0.25806451612903225,0.37209302325581395,0.6666666666666666,0.25806451612903225,0.37209302325581395,0.6666666666666666,0.25806451612903225,0.37209302325581395,0.0,0,-1,-1,40047,4057
[Plne_zneni],3,2,Paum_small,Key,a,20130421_183835,12,11,2,0,0.8571428571428571,0.5217391304347826,0.6486486486486486,0.8571428571428571,0.5217391304347826,0.6486486486486486,0.8571428571428571,0.5217391304347826,0.6486486486486486,0.0,0,-1,-1,40219,4023
[Plne_zneni],3,3,Paum_small,Key,a,20130421_183835,6,22,2,0,0.75,0.21428571428571427,0.3333333333333333,0.75,0.21428571428571427,0.3333333333333333,0.75,0.21428571428571427,0.3333333333333333,0.0,0,-1,-1,40687,3448
[Plne_zneni],3,4,Paum_small,Key,a,20130421_183835,11,31,0,0,1.0,0.2619047619047619,0.41509433962264153,1.0,0.2619047619047619,0.41509433962264153,1.0,0.2619047619047619,0.41509433962264153,0.0,0,-1,-1,40438,3509
[Plne_zneni],3,5,Paum_small,Key,a,20130421_183835,11,18,6,0,0.6470588235294118,0.3793103448275862,0.4782608695652174,0.6470588235294118,0.3793103448275862,0.4782608695652174,0.6470588235294118,0.3793103448275862,0.4782608695652174,0.0,0,-1,-1,39174,4776
[Plne_zneni],3,6,Paum_small,Key,a,20130421_183835,10,20,2,0,0.8333333333333334,0.3333333333333333,0.47619047619047616,0.8333333333333334,0.3333333333333333,0.47619047619047616,0.8333333333333334,0.3333333333333333,0.47619047619047616,0.0,0,-1,-1,41030,3731
[Plne_zneni],3,7,Paum_small,Key,a,20130421_183835,5,18,0,0,1.0,0.21739130434782608,0.3571428571428571,1.0,0.21739130434782608,0.3571428571428571,1.0,0.21739130434782608,0.3571428571428571,0.0,0,-1,-1,41900,2887
[Plne_zneni],3,8,Paum_small,Key,a,20130421_183835,2,14,6,0,0.25,0.125,0.16666666666666666,0.25,0.125,0.16666666666666666,0.25,0.125,0.16666666666666666,0.0,0,-1,-1,39783,4085
[Plne_zneni],3,9,Paum_small,Key,a,20130421_183835,6,9,2,0,0.75,0.4,0.5217391304347827,0.75,0.4,0.5217391304347827,0.75,0.4,0.5217391304347827,0.0,0,-1,-1,42224,4005
[Plne_zneni],3,10,Paum_small,Key,a,20130421_183835,8,33,0,0,1.0,0.1951219512195122,0.326530612244898,1.0,0.1951219512195122,0.326530612244898,1.0,0.1951219512195122,0.326530612244898,0.0,0,-1,-1,42478,4118
[Rozhodnuti_soudu],4,1,Paum_small,Key,a,20130421_193522,138,5,50,5,0.7150259067357513,0.9324324324324325,0.809384164222874,0.7409326424870466,0.9662162162162162,0.8387096774193548,0.7279792746113989,0.9493243243243243,0.8240469208211143,0.0,0,-1,-1,42435,4259
[Rozhodnuti_soudu],4,2,Paum_small,Key,a,20130421_193522,178,12,26,6,0.8476190476190476,0.9081632653061225,0.876847290640394,0.8761904761904762,0.9387755102040817,0.9064039408866995,0.861904761904762,0.9234693877551021,0.8916256157635467,0.0,0,-1,-1,43187,4196
[Rozhodnuti_soudu],4,3,Paum_small,Key,a,20130421_193522,136,19,6,10,0.8947368421052632,0.8242424242424242,0.8580441640378549,0.9605263157894737,0.8848484848484849,0.9211356466876971,0.9276315789473684,0.8545454545454545,0.889589905362776,0.0,0,-1,-1,43512,3526
[Rozhodnuti_soudu],4,4,Paum_small,Key,a,20130421_193522,153,15,16,4,0.884393063583815,0.8895348837209303,0.8869565217391304,0.9075144508670521,0.9127906976744186,0.9101449275362319,0.8959537572254335,0.9011627906976745,0.8985507246376812,0.0,0,-1,-1,43453,3713
[Rozhodnuti_soudu],4,5,Paum_small,Key,a,20130421_193522,238,9,38,3,0.8530465949820788,0.952,0.8998109640831757,0.8637992831541219,0.964,0.9111531190926276,0.8584229390681004,0.958,0.9054820415879017,0.0,0,-1,-1,42169,4883
[Rozhodnuti_soudu],4,6,Paum_small,Key,a,20130421_193522,162,6,13,3,0.9101123595505618,0.9473684210526315,0.9283667621776504,0.9269662921348315,0.9649122807017544,0.9455587392550143,0.9185393258426966,0.956140350877193,0.9369627507163323,0.0,0,-1,-1,42736,3711
[Rozhodnuti_soudu],4,7,Paum_small,Key,a,20130421_193522,110,11,5,9,0.8870967741935484,0.8461538461538461,0.8661417322834646,0.9596774193548387,0.9153846153846154,0.9370078740157479,0.9233870967741935,0.8807692307692307,0.9015748031496063,0.0,0,-1,-1,43261,2980
[Rozhodnuti_soudu],4,8,Paum_small,Key,a,20130421_193522,106,7,20,4,0.8153846153846154,0.905982905982906,0.8582995951417003,0.8461538461538461,0.9401709401709402,0.8906882591093118,0.8307692307692307,0.9230769230769231,0.8744939271255061,0.0,0,-1,-1,42218,3976
[Rozhodnuti_soudu],4,9,Paum_small,Key,a,20130421_193522,156,9,17,7,0.8666666666666667,0.9069767441860465,0.8863636363636364,0.9055555555555556,0.9476744186046512,0.9261363636363636,0.8861111111111111,0.9273255813953488,0.90625,0.0,0,-1,-1,42309,3960
[Rozhodnuti_soudu],4,10,Paum_small,Key,a,20130421_193522,240,23,8,12,0.9230769230769231,0.8727272727272727,0.897196261682243,0.9692307692307692,0.9163636363636364,0.9420560747663551,0.9461538461538461,0.8945454545454545,0.919626168224299,0.0,0,-1,-1,41638,4199
[Rozhodnuti_soudu],4,1,Paum_pos_orth_sent,Key,a,20130421_193522,145,2,46,1,0.7552083333333334,0.9797297297297297,0.8529411764705882,0.7604166666666666,0.9864864864864865,0.8588235294117647,0.7578125,0.9831081081081081,0.8558823529411764,0.0,0,-1,-1,126524,10607
[Rozhodnuti_soudu],4,2,Paum_pos_orth_sent,Key,a,20130421_193522,187,8,33,1,0.8461538461538461,0.9540816326530612,0.8968824940047962,0.8506787330316742,0.9591836734693877,0.9016786570743405,0.8484162895927602,0.9566326530612245,0.8992805755395683,0.0,0,-1,-1,129786,10407
[Rozhodnuti_soudu],4,3,Paum_pos_orth_sent,Key,a,20130421_193522,136,22,2,7,0.9379310344827586,0.8242424242424242,0.8774193548387096,0.9862068965517241,0.8666666666666667,0.9225806451612903,0.9620689655172414,0.8454545454545455,0.8999999999999999,0.0,0,-1,-1,133852,8739
[Rozhodnuti_soudu],4,4,Paum_pos_orth_sent,Key,a,20130421_193522,160,8,7,4,0.935672514619883,0.9302325581395349,0.9329446064139942,0.9590643274853801,0.9534883720930233,0.9562682215743439,0.9473684210526315,0.9418604651162791,0.944606413994169,0.0,0,-1,-1,132432,9158
[Rozhodnuti_soudu],4,5,Paum_pos_orth_sent,Key,a,20130421_193522,242,6,30,2,0.8832116788321168,0.968,0.9236641221374046,0.8905109489051095,0.976,0.9312977099236641,0.8868613138686132,0.972,0.9274809160305344,0.0,0,-1,-1,126894,12136
[Rozhodnuti_soudu],4,6,Paum_pos_orth_sent,Key,a,20130421_193522,164,5,9,2,0.9371428571428572,0.9590643274853801,0.9479768786127168,0.9485714285714286,0.9707602339181286,0.9595375722543353,0.9428571428571428,0.9649122807017543,0.953757225433526,0.0,0,-1,-1,129547,9314
[Rozhodnuti_soudu],4,7,Paum_pos_orth_sent,Key,a,20130421_193522,114,8,3,8,0.912,0.8769230769230769,0.8941176470588236,0.976,0.9384615384615385,0.9568627450980391,0.944,0.9076923076923077,0.9254901960784314,0.0,0,-1,-1,133044,7411
[Rozhodnuti_soudu],4,8,Paum_pos_orth_sent,Key,a,20130421_193522,115,1,24,1,0.8214285714285714,0.9829059829059829,0.8949416342412452,0.8285714285714286,0.9914529914529915,0.9027237354085603,0.825,0.9871794871794872,0.8988326848249028,0.0,0,-1,-1,128582,9986
[Rozhodnuti_soudu],4,9,Paum_pos_orth_sent,Key,a,20130421_193522,167,1,19,4,0.8789473684210526,0.9709302325581395,0.9226519337016575,0.9,0.9941860465116279,0.9447513812154696,0.8894736842105263,0.9825581395348837,0.9337016574585636,0.0,0,-1,-1,128542,9859
[Rozhodnuti_soudu],4,10,Paum_pos_orth_sent,Key,a,20130421_193522,254,17,11,4,0.9442379182156134,0.9236363636363636,0.9338235294117647,0.9591078066914498,0.9381818181818182,0.9485294117647058,0.9516728624535316,0.9309090909090909,0.9411764705882353,0.0,0,-1,-1,125568,10248
[Rozhodnuti_soudu],4,1,Paum,Key,a,20130421_193522,140,2,47,6,0.7253886010362695,0.9459459459459459,0.8211143695014663,0.7564766839378239,0.9864864864864865,0.8563049853372434,0.7409326424870466,0.9662162162162162,0.8387096774193549,0.0,0,-1,-1,52140,5274
[Rozhodnuti_soudu],4,2,Paum,Key,a,20130421_193522,181,11,31,4,0.8379629629629629,0.923469387755102,0.8786407766990291,0.8564814814814815,0.9438775510204082,0.8980582524271845,0.8472222222222222,0.9336734693877551,0.8883495145631068,0.0,0,-1,-1,52294,5195
[Rozhodnuti_soudu],4,3,Paum,Key,a,20130421_193522,138,21,2,6,0.9452054794520548,0.8363636363636363,0.887459807073955,0.9863013698630136,0.8727272727272727,0.9260450160771704,0.9657534246575342,0.8545454545454545,0.9067524115755627,0.0,0,-1,-1,53656,4382
[Rozhodnuti_soudu],4,4,Paum,Key,a,20130421_193522,151,17,14,4,0.893491124260355,0.877906976744186,0.8856304985337242,0.9171597633136095,0.9011627906976745,0.9090909090909092,0.9053254437869822,0.8895348837209303,0.8973607038123167,0.0,0,-1,-1,53512,4635
[Rozhodnuti_soudu],4,5,Paum,Key,a,20130421_193522,243,5,34,2,0.8709677419354839,0.972,0.9187145557655954,0.8781362007168458,0.98,0.9262759924385633,0.8745519713261649,0.976,0.9224952741020793,0.0,0,-1,-1,51642,6071
[Rozhodnuti_soudu],4,6,Paum,Key,a,20130421_193522,163,5,9,3,0.9314285714285714,0.9532163742690059,0.9421965317919074,0.9485714285714286,0.9707602339181286,0.9595375722543353,0.94,0.9619883040935673,0.9508670520231214,0.0,0,-1,-1,51833,4573
[Rozhodnuti_soudu],4,7,Paum,Key,a,20130421_193522,110,11,4,9,0.8943089430894309,0.8461538461538461,0.8695652173913043,0.967479674796748,0.9153846153846154,0.9407114624505928,0.9308943089430894,0.8807692307692307,0.9051383399209485,0.0,0,-1,-1,53324,3731
[Rozhodnuti_soudu],4,8,Paum,Key,a,20130421_193522,114,2,18,1,0.8571428571428571,0.9743589743589743,0.9119999999999999,0.8646616541353384,0.9829059829059829,0.9199999999999999,0.8609022556390977,0.9786324786324786,0.9159999999999999,0.0,0,-1,-1,51515,5025
[Rozhodnuti_soudu],4,9,Paum,Key,a,20130421_193522,165,4,22,3,0.868421052631579,0.9593023255813954,0.9116022099447514,0.8842105263157894,0.9767441860465116,0.9281767955801105,0.8763157894736842,0.9680232558139534,0.919889502762431,0.0,0,-1,-1,51951,4869
[Rozhodnuti_soudu],4,10,Paum,Key,a,20130421_193522,256,13,13,6,0.9309090909090909,0.9309090909090909,0.9309090909090909,0.9527272727272728,0.9527272727272728,0.9527272727272728,0.9418181818181819,0.9418181818181819,0.9418181818181819,0.0,0,-1,-1,50969,5008
[Rozhodnuti_soudu],4,1,Paum_pos,Key,a,20130421_193522,145,2,45,1,0.7591623036649214,0.9797297297297297,0.855457227138643,0.7643979057591623,0.9864864864864865,0.8613569321533923,0.7617801047120418,0.9831081081081081,0.8584070796460177,0.0,0,-1,-1,85915,7786
[Rozhodnuti_soudu],4,2,Paum_pos,Key,a,20130421_193522,185,9,37,2,0.8258928571428571,0.9438775510204082,0.8809523809523809,0.8348214285714286,0.9540816326530612,0.8904761904761905,0.8303571428571428,0.9489795918367347,0.8857142857142857,0.0,0,-1,-1,88020,7694
[Rozhodnuti_soudu],4,3,Paum_pos,Key,a,20130421_193522,136,22,2,7,0.9379310344827586,0.8242424242424242,0.8774193548387096,0.9862068965517241,0.8666666666666667,0.9225806451612903,0.9620689655172414,0.8454545454545455,0.8999999999999999,0.0,0,-1,-1,90770,6412
[Rozhodnuti_soudu],4,4,Paum_pos,Key,a,20130421_193522,159,10,8,3,0.9352941176470588,0.9244186046511628,0.9298245614035087,0.9529411764705882,0.9418604651162791,0.9473684210526314,0.9441176470588235,0.9331395348837209,0.93859649122807,0.0,0,-1,-1,90220,6706
[Rozhodnuti_soudu],4,5,Paum_pos,Key,a,20130421_193522,243,5,30,2,0.8836363636363637,0.972,0.9257142857142857,0.8909090909090909,0.98,0.9333333333333333,0.8872727272727272,0.976,0.9295238095238095,0.0,0,-1,-1,86772,8881
[Rozhodnuti_soudu],4,6,Paum_pos,Key,a,20130421_193522,164,5,9,2,0.9371428571428572,0.9590643274853801,0.9479768786127168,0.9485714285714286,0.9707602339181286,0.9595375722543353,0.9428571428571428,0.9649122807017543,0.953757225433526,0.0,0,-1,-1,86958,6831
[Rozhodnuti_soudu],4,7,Paum_pos,Key,a,20130421_193522,114,8,3,8,0.912,0.8769230769230769,0.8941176470588236,0.976,0.9384615384615385,0.9568627450980391,0.944,0.9076923076923077,0.9254901960784314,0.0,0,-1,-1,90361,5570
[Rozhodnuti_soudu],4,8,Paum_pos,Key,a,20130421_193522,114,2,23,1,0.8260869565217391,0.9743589743589743,0.8941176470588235,0.8333333333333334,0.9829059829059829,0.9019607843137254,0.8297101449275363,0.9786324786324786,0.8980392156862744,0.0,0,-1,-1,86747,7268
[Rozhodnuti_soudu],4,9,Paum_pos,Key,a,20130421_193522,167,2,20,3,0.8789473684210526,0.9709302325581395,0.9226519337016575,0.8947368421052632,0.9883720930232558,0.9392265193370165,0.8868421052631579,0.9796511627906976,0.930939226519337,0.0,0,-1,-1,87635,7161
[Rozhodnuti_soudu],4,10,Paum_pos,Key,a,20130421_193522,258,12,13,5,0.9347826086956522,0.9381818181818182,0.9364791288566244,0.9528985507246377,0.9563636363636364,0.9546279491833031,0.943840579710145,0.9472727272727273,0.9455535390199638,0.0,0,-1,-1,85834,7503
[Ucinnost],5,1,Paum_pos,Key,a,20130421_203040,25,0,5,0,0.8333333333333334,1.0,0.9090909090909091,0.8333333333333334,1.0,0.9090909090909091,0.8333333333333334,1.0,0.9090909090909091,0.0,0,-1,-1,78284,7379
[Ucinnost],5,2,Paum_pos,Key,a,20130421_203040,20,0,1,0,0.9523809523809523,1.0,0.975609756097561,0.9523809523809523,1.0,0.975609756097561,0.9523809523809523,1.0,0.975609756097561,0.0,0,-1,-1,79095,7363
[Ucinnost],5,3,Paum_pos,Key,a,20130421_203040,20,0,4,0,0.8333333333333334,1.0,0.9090909090909091,0.8333333333333334,1.0,0.9090909090909091,0.8333333333333334,1.0,0.9090909090909091,0.0,0,-1,-1,80175,6162
[Ucinnost],5,4,Paum_pos,Key,a,20130421_203040,27,1,4,0,0.8709677419354839,0.9642857142857143,0.9152542372881356,0.8709677419354839,0.9642857142857143,0.9152542372881356,0.8709677419354839,0.9642857142857143,0.9152542372881356,0.0,0,-1,-1,80293,6519
[Ucinnost],5,5,Paum_pos,Key,a,20130421_203040,19,1,4,0,0.8260869565217391,0.95,0.8837209302325583,0.8260869565217391,0.95,0.8837209302325583,0.8260869565217391,0.95,0.8837209302325583,0.0,0,-1,-1,84501,10244
[Ucinnost],5,6,Paum_pos,Key,a,20130421_203040,20,0,3,0,0.8695652173913043,1.0,0.9302325581395349,0.8695652173913043,1.0,0.9302325581395349,0.8695652173913043,1.0,0.9302325581395349,0.0,0,-1,-1,101037,8283
[Ucinnost],5,7,Paum_pos,Key,a,20130421_203040,25,0,2,0,0.9259259259259259,1.0,0.9615384615384615,0.9259259259259259,1.0,0.9615384615384615,0.9259259259259259,1.0,0.9615384615384615,0.0,0,-1,-1,99512,6272
[Ucinnost],5,8,Paum_pos,Key,a,20130421_203040,19,0,2,0,0.9047619047619048,1.0,0.9500000000000001,0.9047619047619048,1.0,0.9500000000000001,0.9047619047619048,1.0,0.9500000000000001,0.0,0,-1,-1,84783,7731
[Ucinnost],5,9,Paum_pos,Key,a,20130421_203040,18,0,1,0,0.9473684210526315,1.0,0.972972972972973,0.9473684210526315,1.0,0.972972972972973,0.9473684210526315,1.0,0.972972972972973,0.0,0,-1,-1,81353,7176
[Ucinnost],5,10,Paum_pos,Key,a,20130421_203040,25,1,5,0,0.8333333333333334,0.9615384615384616,0.8928571428571429,0.8333333333333334,0.9615384615384616,0.8928571428571429,0.8333333333333334,0.9615384615384616,0.8928571428571429,0.0,0,-1,-1,80277,7533
[Ucinnost],5,1,Paum_pos_orth_sent,Key,a,20130421_203040,25,0,5,0,0.8333333333333334,1.0,0.9090909090909091,0.8333333333333334,1.0,0.9090909090909091,0.8333333333333334,1.0,0.9090909090909091,0.0,0,-1,-1,116020,10218
[Ucinnost],5,2,Paum_pos_orth_sent,Key,a,20130421_203040,20,0,1,0,0.9523809523809523,1.0,0.975609756097561,0.9523809523809523,1.0,0.975609756097561,0.9523809523809523,1.0,0.975609756097561,0.0,0,-1,-1,116726,10154
[Ucinnost],5,3,Paum_pos_orth_sent,Key,a,20130421_203040,20,0,4,0,0.8333333333333334,1.0,0.9090909090909091,0.8333333333333334,1.0,0.9090909090909091,0.8333333333333334,1.0,0.9090909090909091,0.0,0,-1,-1,118127,8455
[Ucinnost],5,4,Paum_pos_orth_sent,Key,a,20130421_203040,27,1,4,0,0.8709677419354839,0.9642857142857143,0.9152542372881356,0.8709677419354839,0.9642857142857143,0.9152542372881356,0.8709677419354839,0.9642857142857143,0.9152542372881356,0.0,0,-1,-1,119519,8878
[Ucinnost],5,5,Paum_pos_orth_sent,Key,a,20130421_203040,19,1,4,0,0.8260869565217391,0.95,0.8837209302325583,0.8260869565217391,0.95,0.8837209302325583,0.8260869565217391,0.95,0.8837209302325583,0.0,0,-1,-1,140410,14057
[Ucinnost],5,6,Paum_pos_orth_sent,Key,a,20130421_203040,20,0,3,0,0.8695652173913043,1.0,0.9302325581395349,0.8695652173913043,1.0,0.9302325581395349,0.8695652173913043,1.0,0.9302325581395349,0.0,0,-1,-1,131542,11056
[Ucinnost],5,7,Paum_pos_orth_sent,Key,a,20130421_203040,25,0,2,0,0.9259259259259259,1.0,0.9615384615384615,0.9259259259259259,1.0,0.9615384615384615,0.9259259259259259,1.0,0.9615384615384615,0.0,0,-1,-1,135052,8308
[Ucinnost],5,8,Paum_pos_orth_sent,Key,a,20130421_203040,19,0,2,0,0.9047619047619048,1.0,0.9500000000000001,0.9047619047619048,1.0,0.9500000000000001,0.9047619047619048,1.0,0.9500000000000001,0.0,0,-1,-1,124948,10140
[Ucinnost],5,9,Paum_pos_orth_sent,Key,a,20130421_203040,18,0,1,0,0.9473684210526315,1.0,0.972972972972973,0.9473684210526315,1.0,0.972972972972973,0.9473684210526315,1.0,0.972972972972973,0.0,0,-1,-1,119266,9922
[Ucinnost],5,10,Paum_pos_orth_sent,Key,a,20130421_203040,25,1,5,0,0.8333333333333334,0.9615384615384616,0.8928571428571429,0.8333333333333334,0.9615384615384616,0.8928571428571429,0.8333333333333334,0.9615384615384616,0.8928571428571429,0.0,0,-1,-1,117549,10297
[Ucinnost],5,1,Paum,Key,a,20130421_203040,25,0,5,0,0.8333333333333334,1.0,0.9090909090909091,0.8333333333333334,1.0,0.9090909090909091,0.8333333333333334,1.0,0.9090909090909091,0.0,0,-1,-1,48285,4943
[Ucinnost],5,2,Paum,Key,a,20130421_203040,20,0,1,0,0.9523809523809523,1.0,0.975609756097561,0.9523809523809523,1.0,0.975609756097561,0.9523809523809523,1.0,0.975609756097561,0.0,0,-1,-1,48451,4979
[Ucinnost],5,3,Paum,Key,a,20130421_203040,20,0,4,0,0.8333333333333334,1.0,0.9090909090909091,0.8333333333333334,1.0,0.9090909090909091,0.8333333333333334,1.0,0.9090909090909091,0.0,0,-1,-1,49252,4120
[Ucinnost],5,4,Paum,Key,a,20130421_203040,27,1,4,0,0.8709677419354839,0.9642857142857143,0.9152542372881356,0.8709677419354839,0.9642857142857143,0.9152542372881356,0.8709677419354839,0.9642857142857143,0.9152542372881356,0.0,0,-1,-1,49283,4258
[Ucinnost],5,5,Paum,Key,a,20130421_203040,19,1,4,0,0.8260869565217391,0.95,0.8837209302325583,0.8260869565217391,0.95,0.8837209302325583,0.8260869565217391,0.95,0.8837209302325583,0.0,0,-1,-1,48673,7138
[Ucinnost],5,6,Paum,Key,a,20130421_203040,20,0,3,0,0.8695652173913043,1.0,0.9302325581395349,0.8695652173913043,1.0,0.9302325581395349,0.8695652173913043,1.0,0.9302325581395349,0.0,0,-1,-1,54294,5736
[Ucinnost],5,7,Paum,Key,a,20130421_203040,25,0,2,0,0.9259259259259259,1.0,0.9615384615384615,0.9259259259259259,1.0,0.9615384615384615,0.9259259259259259,1.0,0.9615384615384615,0.0,0,-1,-1,61927,4436
[Ucinnost],5,8,Paum,Key,a,20130421_203040,19,0,3,0,0.8636363636363636,1.0,0.9268292682926829,0.8636363636363636,1.0,0.9268292682926829,0.8636363636363636,1.0,0.9268292682926829,0.0,0,-1,-1,52719,5073
[Ucinnost],5,9,Paum,Key,a,20130421_203040,18,0,1,0,0.9473684210526315,1.0,0.972972972972973,0.9473684210526315,1.0,0.972972972972973,0.9473684210526315,1.0,0.972972972972973,0.0,0,-1,-1,52482,4759
[Ucinnost],5,10,Paum,Key,a,20130421_203040,25,1,5,0,0.8333333333333334,0.9615384615384616,0.8928571428571429,0.8333333333333334,0.9615384615384616,0.8928571428571429,0.8333333333333334,0.9615384615384616,0.8928571428571429,0.0,0,-1,-1,49284,4979
[Ucinnost],5,1,Paum_small,Key,a,20130421_203040,25,0,5,0,0.8333333333333334,1.0,0.9090909090909091,0.8333333333333334,1.0,0.9090909090909091,0.8333333333333334,1.0,0.9090909090909091,0.0,0,-1,-1,38550,4043
[Ucinnost],5,2,Paum_small,Key,a,20130421_203040,20,0,1,0,0.9523809523809523,1.0,0.975609756097561,0.9523809523809523,1.0,0.975609756097561,0.9523809523809523,1.0,0.975609756097561,0.0,0,-1,-1,38550,3995
[Ucinnost],5,3,Paum_small,Key,a,20130421_203040,20,0,4,0,0.8333333333333334,1.0,0.9090909090909091,0.8333333333333334,1.0,0.9090909090909091,0.8333333333333334,1.0,0.9090909090909091,0.0,0,-1,-1,39642,3401
[Ucinnost],5,4,Paum_small,Key,a,20130421_203040,27,1,4,0,0.8709677419354839,0.9642857142857143,0.9152542372881356,0.8709677419354839,0.9642857142857143,0.9152542372881356,0.8709677419354839,0.9642857142857143,0.9152542372881356,0.0,0,-1,-1,39268,3512
[Ucinnost],5,5,Paum_small,Key,a,20130421_203040,19,1,4,0,0.8260869565217391,0.95,0.8837209302325583,0.8260869565217391,0.95,0.8837209302325583,0.8260869565217391,0.95,0.8837209302325583,0.0,0,-1,-1,37520,5958
[Ucinnost],5,6,Paum_small,Key,a,20130421_203040,20,0,3,0,0.8695652173913043,1.0,0.9302325581395349,0.8695652173913043,1.0,0.9302325581395349,0.8695652173913043,1.0,0.9302325581395349,0.0,0,-1,-1,41923,5000
[Ucinnost],5,7,Paum_small,Key,a,20130421_203040,25,0,2,0,0.9259259259259259,1.0,0.9615384615384615,0.9259259259259259,1.0,0.9615384615384615,0.9259259259259259,1.0,0.9615384615384615,0.0,0,-1,-1,52892,3647
[Ucinnost],5,8,Paum_small,Key,a,20130421_203040,19,0,2,0,0.9047619047619048,1.0,0.9500000000000001,0.9047619047619048,1.0,0.9500000000000001,0.9047619047619048,1.0,0.9500000000000001,0.0,0,-1,-1,48490,4269
[Ucinnost],5,9,Paum_small,Key,a,20130421_203040,18,0,1,0,0.9473684210526315,1.0,0.972972972972973,0.9473684210526315,1.0,0.972972972972973,0.9473684210526315,1.0,0.972972972972973,0.0,0,-1,-1,45260,3884
[Ucinnost],5,10,Paum_small,Key,a,20130421_203040,25,1,5,0,0.8333333333333334,0.9615384615384616,0.8928571428571429,0.8333333333333334,0.9615384615384616,0.8928571428571429,0.8333333333333334,0.9615384615384616,0.8928571428571429,0.0,0,-1,-1,39782,4102
[Zakon],6,1,Paum_pos_orth_sent,Key,a,20130421_213018,179,23,121,19,0.5611285266457681,0.8099547511312217,0.662962962962963,0.6206896551724138,0.8959276018099548,0.7333333333333334,0.5909090909090909,0.8529411764705883,0.6981481481481482,0.0,0,-1,-1,132900,11215
[Zakon],6,2,Paum_pos_orth_sent,Key,a,20130421_213018,235,26,40,27,0.7781456953642384,0.8159722222222222,0.7966101694915254,0.8675496688741722,0.9097222222222222,0.888135593220339,0.8228476821192052,0.8628472222222222,0.8423728813559321,0.0,0,-1,-1,139079,10828
[Zakon],6,3,Paum_pos_orth_sent,Key,a,20130421_213018,161,28,18,22,0.8009950248756219,0.7630331753554502,0.7815533980582524,0.9104477611940298,0.8672985781990521,0.8883495145631067,0.8557213930348259,0.8151658767772512,0.8349514563106796,0.0,0,-1,-1,140765,8734
[Zakon],6,4,Paum_pos_orth_sent,Key,a,20130421_213018,188,18,24,24,0.7966101694915254,0.8173913043478261,0.8068669527896997,0.8983050847457628,0.9217391304347826,0.9098712446351932,0.847457627118644,0.8695652173913044,0.8583690987124464,0.0,0,-1,-1,134334,9375
[Zakon],6,5,Paum_pos_orth_sent,Key,a,20130421_213018,246,25,68,25,0.7256637168141593,0.831081081081081,0.7748031496062993,0.799410029498525,0.9155405405405406,0.8535433070866142,0.7625368731563422,0.8733108108108107,0.8141732283464567,0.0,0,-1,-1,129686,12371
[Zakon],6,6,Paum_pos_orth_sent,Key,a,20130421_213018,164,21,22,14,0.82,0.8241206030150754,0.8220551378446116,0.89,0.8944723618090452,0.8922305764411028,0.855,0.8592964824120604,0.8571428571428572,0.0,0,-1,-1,134584,10874
[Zakon],6,7,Paum_pos_orth_sent,Key,a,20130421_213018,142,8,22,30,0.7319587628865979,0.7888888888888889,0.7593582887700534,0.8865979381443299,0.9555555555555556,0.9197860962566844,0.8092783505154639,0.8722222222222222,0.8395721925133689,0.0,0,-1,-1,136690,7645
[Zakon],6,8,Paum_pos_orth_sent,Key,a,20130421_213018,114,10,69,9,0.59375,0.8571428571428571,0.7015384615384614,0.640625,0.924812030075188,0.756923076923077,0.6171875,0.8909774436090225,0.7292307692307692,0.0,0,-1,-1,133040,10092
[Zakon],6,9,Paum_pos_orth_sent,Key,a,20130421_213018,176,18,90,13,0.6308243727598566,0.8502415458937198,0.7242798353909465,0.6774193548387096,0.9130434782608695,0.7777777777777777,0.6541218637992832,0.8816425120772946,0.7510288065843621,0.0,0,-1,-1,131199,9843
[Zakon],6,10,Paum_pos_orth_sent,Key,a,20130421_213018,248,20,36,33,0.7823343848580442,0.8239202657807309,0.802588996763754,0.886435331230284,0.9335548172757475,0.9093851132686084,0.8343848580441641,0.8787375415282392,0.8559870550161812,0.0,0,-1,-1,130343,10265
[Zakon],6,1,Paum_pos,Key,a,20130421_213018,175,27,120,19,0.5573248407643312,0.7918552036199095,0.6542056074766355,0.6178343949044586,0.8778280542986425,0.7252336448598131,0.5875796178343948,0.8348416289592759,0.6897196261682244,0.0,0,-1,-1,90721,7957
[Zakon],6,2,Paum_pos,Key,a,20130421_213018,230,30,39,28,0.7744107744107744,0.7986111111111112,0.7863247863247864,0.8686868686868687,0.8958333333333334,0.8820512820512821,0.8215488215488216,0.8472222222222223,0.8341880341880343,0.0,0,-1,-1,95552,7939
[Zakon],6,3,Paum_pos,Key,a,20130421_213018,157,30,18,24,0.7889447236180904,0.7440758293838863,0.7658536585365854,0.9095477386934674,0.8578199052132701,0.8829268292682928,0.8492462311557789,0.8009478672985781,0.8243902439024391,0.0,0,-1,-1,101104,6490
[Zakon],6,4,Paum_pos,Key,a,20130421_213018,188,17,28,25,0.7800829875518672,0.8173913043478261,0.7983014861995754,0.8838174273858921,0.9260869565217391,0.9044585987261147,0.8319502074688796,0.8717391304347826,0.851380042462845,0.0,0,-1,-1,92340,6786
[Zakon],6,5,Paum_pos,Key,a,20130421_213018,243,32,67,21,0.7341389728096677,0.8209459459459459,0.7751196172248803,0.797583081570997,0.8918918918918919,0.8421052631578947,0.7658610271903323,0.8564189189189189,0.8086124401913874,0.0,0,-1,-1,89048,9032
[Zakon],6,6,Paum_pos,Key,a,20130421_213018,161,21,21,17,0.8090452261306532,0.8090452261306532,0.8090452261306531,0.8944723618090452,0.8944723618090452,0.8944723618090452,0.8517587939698492,0.8517587939698492,0.8517587939698492,0.0,0,-1,-1,92230,6960
[Zakon],6,7,Paum_pos,Key,a,20130421_213018,140,12,20,28,0.7446808510638298,0.7777777777777778,0.7608695652173912,0.8936170212765957,0.9333333333333333,0.9130434782608695,0.8191489361702127,0.8555555555555556,0.8369565217391304,0.0,0,-1,-1,94165,5570
[Zakon],6,8,Paum_pos,Key,a,20130421_213018,113,12,65,8,0.6075268817204301,0.849624060150376,0.7084639498432601,0.6505376344086021,0.9097744360902256,0.7586206896551724,0.6290322580645161,0.8796992481203008,0.7335423197492162,0.0,0,-1,-1,91559,7472
[Zakon],6,9,Paum_pos,Key,a,20130421_213018,175,19,90,13,0.6294964028776978,0.8454106280193237,0.7216494845360825,0.6762589928057554,0.9082125603864735,0.7752577319587629,0.6528776978417266,0.8768115942028986,0.7484536082474227,0.0,0,-1,-1,89593,7224
[Zakon],6,10,Paum_pos,Key,a,20130421_213018,247,18,36,36,0.774294670846395,0.8205980066445183,0.7967741935483871,0.8871473354231975,0.9401993355481728,0.9129032258064516,0.8307210031347962,0.8803986710963456,0.8548387096774193,0.0,0,-1,-1,89250,7582
[Zakon],6,1,Paum,Key,a,20130421_213018,183,18,127,20,0.5545454545454546,0.8280542986425339,0.6642468239564429,0.6151515151515151,0.918552036199095,0.7368421052631579,0.5848484848484848,0.8733031674208145,0.7005444646098004,0.0,0,-1,-1,56397,5257
[Zakon],6,2,Paum,Key,a,20130421_213018,230,32,39,26,0.7796610169491526,0.7986111111111112,0.7890222984562607,0.8677966101694915,0.8888888888888888,0.8782161234991424,0.823728813559322,0.84375,0.8336192109777015,0.0,0,-1,-1,59410,5477
[Zakon],6,3,Paum,Key,a,20130421_213018,155,34,15,22,0.8072916666666666,0.7345971563981043,0.7692307692307692,0.921875,0.8388625592417062,0.8784119106699753,0.8645833333333333,0.7867298578199052,0.8238213399503722,0.0,0,-1,-1,62991,4352
[Zakon],6,4,Paum,Key,a,20130421_213018,183,24,27,23,0.7854077253218884,0.7956521739130434,0.7904967602591793,0.8841201716738197,0.8956521739130435,0.8898488120950325,0.8347639484978541,0.8456521739130435,0.8401727861771059,0.0,0,-1,-1,57130,4527
[Zakon],6,5,Paum,Key,a,20130421_213018,247,30,59,19,0.76,0.8344594594594594,0.7954911433172303,0.8184615384615385,0.8986486486486487,0.856682769726248,0.7892307692307692,0.8665540540540541,0.8260869565217391,0.0,0,-1,-1,54915,6131
[Zakon],6,6,Paum,Key,a,20130421_213018,163,20,22,16,0.8109452736318408,0.8190954773869347,0.815,0.8905472636815921,0.8994974874371859,0.895,0.8507462686567164,0.8592964824120604,0.855,0.0,0,-1,-1,56834,4759
[Zakon],6,7,Paum,Key,a,20130421_213018,140,14,18,26,0.7608695652173914,0.7777777777777778,0.7692307692307693,0.9021739130434783,0.9222222222222223,0.9120879120879122,0.8315217391304348,0.8500000000000001,0.8406593406593408,0.0,0,-1,-1,58253,3792
[Zakon],6,8,Paum,Key,a,20130421_213018,109,14,65,10,0.592391304347826,0.8195488721804511,0.6876971608832807,0.6467391304347826,0.8947368421052632,0.750788643533123,0.6195652173913043,0.8571428571428572,0.7192429022082019,0.0,0,-1,-1,56754,5087
[Zakon],6,9,Paum,Key,a,20130421_213018,172,15,86,20,0.6187050359712231,0.8309178743961353,0.709278350515464,0.6906474820143885,0.927536231884058,0.7917525773195876,0.6546762589928058,0.8792270531400966,0.7505154639175258,0.0,0,-1,-1,55165,4852
[Zakon],6,10,Paum,Key,a,20130421_213018,253,21,29,27,0.8187702265372169,0.840531561461794,0.8295081967213115,0.9061488673139159,0.9302325581395349,0.9180327868852458,0.8624595469255664,0.8853820598006644,0.8737704918032787,0.0,0,-1,-1,55227,5102
[Zakon],6,1,Paum_small,Key,a,20130421_213018,171,29,119,21,0.5498392282958199,0.7737556561085973,0.6428571428571428,0.617363344051447,0.8687782805429864,0.7218045112781956,0.5836012861736335,0.8212669683257918,0.6823308270676691,0.0,0,-1,-1,43807,4448
[Zakon],6,2,Paum_small,Key,a,20130421_213018,198,52,37,38,0.7252747252747253,0.6875,0.7058823529411764,0.8644688644688645,0.8194444444444444,0.8413547237076648,0.7948717948717949,0.7534722222222222,0.7736185383244206,0.0,0,-1,-1,46137,4399
[Zakon],6,3,Paum_small,Key,a,20130421_213018,145,44,14,22,0.8011049723756906,0.6872037914691943,0.7397959183673469,0.9226519337016574,0.7914691943127962,0.8520408163265305,0.861878453038674,0.7393364928909952,0.7959183673469388,0.0,0,-1,-1,48496,3560
[Zakon],6,4,Paum_small,Key,a,20130421_213018,181,32,29,17,0.7973568281938326,0.7869565217391304,0.7921225382932167,0.8722466960352423,0.8608695652173913,0.8665207877461707,0.8348017621145374,0.8239130434782609,0.8293216630196937,0.0,0,-1,-1,45195,3680
[Zakon],6,5,Paum_small,Key,a,20130421_213018,231,39,52,26,0.7475728155339806,0.7804054054054054,0.7636363636363636,0.8317152103559871,0.8682432432432432,0.8495867768595041,0.7896440129449838,0.8243243243243243,0.8066115702479338,0.0,0,-1,-1,43339,5010
[Zakon],6,6,Paum_small,Key,a,20130421_213018,154,18,18,27,0.7738693467336684,0.7738693467336684,0.7738693467336684,0.9095477386934674,0.9095477386934674,0.9095477386934674,0.8417085427135679,0.8417085427135679,0.8417085427135679,0.0,0,-1,-1,44353,3851
[Zakon],6,7,Paum_small,Key,a,20130421_213018,135,21,15,24,0.7758620689655172,0.75,0.7627118644067795,0.9137931034482759,0.8833333333333333,0.8983050847457628,0.8448275862068966,0.8166666666666667,0.8305084745762712,0.0,0,-1,-1,45586,3073
[Zakon],6,8,Paum_small,Key,a,20130421_213018,98,21,63,14,0.56,0.7368421052631579,0.6363636363636364,0.64,0.8421052631578947,0.7272727272727272,0.6000000000000001,0.7894736842105263,0.6818181818181818,0.0,0,-1,-1,44446,4088
[Zakon],6,9,Paum_small,Key,a,20130421_213018,151,34,82,22,0.592156862745098,0.7294685990338164,0.6536796536796536,0.6784313725490196,0.8357487922705314,0.748917748917749,0.6352941176470588,0.782608695652174,0.7012987012987013,0.0,0,-1,-1,43120,3868
[Zakon],6,10,Paum_small,Key,a,20130421_213018,244,31,30,26,0.8133333333333334,0.8106312292358804,0.8119800332778703,0.9,0.8970099667774086,0.8985024958402662,0.8566666666666667,0.8538205980066444,0.8552412645590682,0.0,0,-1,-1,43043,4165
[Zkratka],7,1,Paum_small,Key,a,20130421_222426,36,4,3,0,0.9230769230769231,0.9,0.9113924050632911,0.9230769230769231,0.9,0.9113924050632911,0.9230769230769231,0.9,0.9113924050632911,0.0,0,-1,-1,38300,4010
[Zkratka],7,2,Paum_small,Key,a,20130421_222426,23,2,2,0,0.92,0.92,0.92,0.92,0.92,0.92,0.92,0.92,0.92,0.0,0,-1,-1,37941,3991
[Zkratka],7,3,Paum_small,Key,a,20130421_222426,25,3,2,0,0.9259259259259259,0.8928571428571429,0.9090909090909091,0.9259259259259259,0.8928571428571429,0.9090909090909091,0.9259259259259259,0.8928571428571429,0.9090909090909091,0.0,0,-1,-1,39018,3526
[Zkratka],7,4,Paum_small,Key,a,20130421_222426,35,7,0,0,1.0,0.8333333333333334,0.9090909090909091,1.0,0.8333333333333334,0.9090909090909091,1.0,0.8333333333333334,0.9090909090909091,0.0,0,-1,-1,39969,4072
[Zkratka],7,5,Paum_small,Key,a,20130421_222426,28,4,4,1,0.8484848484848485,0.8484848484848485,0.8484848484848486,0.8787878787878788,0.8787878787878788,0.8787878787878788,0.8636363636363636,0.8636363636363636,0.8636363636363638,0.0,0,-1,-1,41577,5130
[Zkratka],7,6,Paum_small,Key,a,20130421_222426,29,2,1,0,0.9666666666666667,0.9354838709677419,0.9508196721311476,0.9666666666666667,0.9354838709677419,0.9508196721311476,0.9666666666666667,0.9354838709677419,0.9508196721311476,0.0,0,-1,-1,42730,3932
[Zkratka],7,7,Paum_small,Key,a,20130421_222426,22,1,0,0,1.0,0.9565217391304348,0.9777777777777777,1.0,0.9565217391304348,0.9777777777777777,1.0,0.9565217391304348,0.9777777777777777,0.0,0,-1,-1,41763,3370
[Zkratka],7,8,Paum_small,Key,a,20130421_222426,14,2,1,0,0.9333333333333333,0.875,0.9032258064516129,0.9333333333333333,0.875,0.9032258064516129,0.9333333333333333,0.875,0.9032258064516129,0.0,0,-1,-1,40499,4150
[Zkratka],7,9,Paum_small,Key,a,20130421_222426,15,1,5,0,0.75,0.9375,0.8333333333333334,0.75,0.9375,0.8333333333333334,0.75,0.9375,0.8333333333333334,0.0,0,-1,-1,41623,3933
[Zkratka],7,10,Paum_small,Key,a,20130421_222426,32,8,1,1,0.9411764705882353,0.7804878048780488,0.8533333333333334,0.9705882352941176,0.8048780487804879,0.8800000000000001,0.9558823529411764,0.7926829268292683,0.8666666666666667,0.0,0,-1,-1,39112,4259
[Zkratka],7,1,Paum,Key,a,20130421_222426,39,0,4,1,0.8863636363636364,0.975,0.9285714285714285,0.9090909090909091,1.0,0.9523809523809523,0.8977272727272727,0.9875,0.9404761904761905,0.0,0,-1,-1,47948,4929
[Zkratka],7,2,Paum,Key,a,20130421_222426,24,1,6,0,0.8,0.96,0.8727272727272728,0.8,0.96,0.8727272727272728,0.8,0.96,0.8727272727272728,0.0,0,-1,-1,48191,4915
[Zkratka],7,3,Paum,Key,a,20130421_222426,27,1,3,0,0.9,0.9642857142857143,0.9310344827586207,0.9,0.9642857142857143,0.9310344827586207,0.9,0.9642857142857143,0.9310344827586207,0.0,0,-1,-1,49080,4227
[Zkratka],7,4,Paum,Key,a,20130421_222426,41,1,2,0,0.9534883720930233,0.9761904761904762,0.9647058823529412,0.9534883720930233,0.9761904761904762,0.9647058823529412,0.9534883720930233,0.9761904761904762,0.9647058823529412,0.0,0,-1,-1,50375,4636
[Zkratka],7,5,Paum,Key,a,20130421_222426,31,1,8,1,0.775,0.9393939393939394,0.8493150684931509,0.8,0.9696969696969697,0.8767123287671234,0.7875000000000001,0.9545454545454546,0.8630136986301371,0.0,0,-1,-1,52599,6459
[Zkratka],7,6,Paum,Key,a,20130421_222426,30,1,5,0,0.8571428571428571,0.967741935483871,0.909090909090909,0.8571428571428571,0.967741935483871,0.909090909090909,0.8571428571428571,0.967741935483871,0.909090909090909,0.0,0,-1,-1,54478,4700
[Zkratka],7,7,Paum,Key,a,20130421_222426,22,1,0,0,1.0,0.9565217391304348,0.9777777777777777,1.0,0.9565217391304348,0.9777777777777777,1.0,0.9565217391304348,0.9777777777777777,0.0,0,-1,-1,51224,3808
[Zkratka],7,8,Paum,Key,a,20130421_222426,15,1,1,0,0.9375,0.9375,0.9375,0.9375,0.9375,0.9375,0.9375,0.9375,0.9375,0.0,0,-1,-1,51395,5649
[Zkratka],7,9,Paum,Key,a,20130421_222426,16,0,5,0,0.7619047619047619,1.0,0.8648648648648648,0.7619047619047619,1.0,0.8648648648648648,0.7619047619047619,1.0,0.8648648648648648,0.0,0,-1,-1,52076,4913
[Zkratka],7,10,Paum,Key,a,20130421_222426,39,1,4,1,0.8863636363636364,0.9512195121951219,0.9176470588235294,0.9090909090909091,0.975609756097561,0.9411764705882352,0.8977272727272727,0.9634146341463414,0.9294117647058823,0.0,0,-1,-1,53071,4994
[Zkratka],7,1,Paum_pos_orth_sent,Key,a,20130421_222426,40,0,5,0,0.8888888888888888,1.0,0.9411764705882353,0.8888888888888888,1.0,0.9411764705882353,0.8888888888888888,1.0,0.9411764705882353,0.0,0,-1,-1,116332,10277
[Zkratka],7,2,Paum_pos_orth_sent,Key,a,20130421_222426,24,1,3,0,0.8888888888888888,0.96,0.923076923076923,0.8888888888888888,0.96,0.923076923076923,0.8888888888888888,0.96,0.923076923076923,0.0,0,-1,-1,115708,10237
[Zkratka],7,3,Paum_pos_orth_sent,Key,a,20130421_222426,27,1,3,0,0.9,0.9642857142857143,0.9310344827586207,0.9,0.9642857142857143,0.9310344827586207,0.9,0.9642857142857143,0.9310344827586207,0.0,0,-1,-1,120682,8674
[Zkratka],7,4,Paum_pos_orth_sent,Key,a,20130421_222426,41,1,1,0,0.9761904761904762,0.9761904761904762,0.9761904761904762,0.9761904761904762,0.9761904761904762,0.9761904761904762,0.9761904761904762,0.9761904761904762,0.9761904761904762,0.0,0,-1,-1,123664,9238
[Zkratka],7,5,Paum_pos_orth_sent,Key,a,20130421_222426,31,1,6,1,0.8157894736842105,0.9393939393939394,0.8732394366197183,0.8421052631578947,0.9696969696969697,0.9014084507042254,0.8289473684210527,0.9545454545454546,0.8873239436619718,0.0,0,-1,-1,133650,12593
[Zkratka],7,6,Paum_pos_orth_sent,Key,a,20130421_222426,30,1,1,0,0.967741935483871,0.967741935483871,0.967741935483871,0.967741935483871,0.967741935483871,0.967741935483871,0.967741935483871,0.967741935483871,0.967741935483871,0.0,0,-1,-1,119381,9594
[Zkratka],7,7,Paum_pos_orth_sent,Key,a,20130421_222426,22,1,0,0,1.0,0.9565217391304348,0.9777777777777777,1.0,0.9565217391304348,0.9777777777777777,1.0,0.9565217391304348,0.9777777777777777,0.0,0,-1,-1,125317,7611
[Zkratka],7,8,Paum_pos_orth_sent,Key,a,20130421_222426,15,1,1,0,0.9375,0.9375,0.9375,0.9375,0.9375,0.9375,0.9375,0.9375,0.9375,0.0,0,-1,-1,121320,10437
[Zkratka],7,9,Paum_pos_orth_sent,Key,a,20130421_222426,16,0,5,0,0.7619047619047619,1.0,0.8648648648648648,0.7619047619047619,1.0,0.8648648648648648,0.7619047619047619,1.0,0.8648648648648648,0.0,0,-1,-1,120215,9891
[Zkratka],7,10,Paum_pos_orth_sent,Key,a,20130421_222426,38,2,1,1,0.95,0.926829268292683,0.9382716049382716,0.975,0.9512195121951219,0.9629629629629629,0.9624999999999999,0.9390243902439024,0.9506172839506173,0.0,0,-1,-1,121841,10514
[Zkratka],7,1,Paum_pos,Key,a,20130421_222426,39,1,4,0,0.9069767441860465,0.975,0.9397590361445783,0.9069767441860465,0.975,0.9397590361445783,0.9069767441860465,0.975,0.9397590361445783,0.0,0,-1,-1,78206,7397
[Zkratka],7,2,Paum_pos,Key,a,20130421_222426,24,1,3,0,0.8888888888888888,0.96,0.923076923076923,0.8888888888888888,0.96,0.923076923076923,0.8888888888888888,0.96,0.923076923076923,0.0,0,-1,-1,78331,7318
[Zkratka],7,3,Paum_pos,Key,a,20130421_222426,27,1,3,0,0.9,0.9642857142857143,0.9310344827586207,0.9,0.9642857142857143,0.9310344827586207,0.9,0.9642857142857143,0.9310344827586207,0.0,0,-1,-1,82028,6319
[Zkratka],7,4,Paum_pos,Key,a,20130421_222426,41,1,1,0,0.9761904761904762,0.9761904761904762,0.9761904761904762,0.9761904761904762,0.9761904761904762,0.9761904761904762,0.9761904761904762,0.9761904761904762,0.9761904761904762,0.0,0,-1,-1,81796,7189
[Zkratka],7,5,Paum_pos,Key,a,20130421_222426,31,1,7,1,0.7948717948717948,0.9393939393939394,0.8611111111111112,0.8205128205128205,0.9696969696969697,0.8888888888888888,0.8076923076923077,0.9545454545454546,0.875,0.0,0,-1,-1,91498,9173
[Zkratka],7,6,Paum_pos,Key,a,20130421_222426,30,1,1,0,0.967741935483871,0.967741935483871,0.967741935483871,0.967741935483871,0.967741935483871,0.967741935483871,0.967741935483871,0.967741935483871,0.967741935483871,0.0,0,-1,-1,83939,7001
[Zkratka],7,7,Paum_pos,Key,a,20130421_222426,22,1,0,0,1.0,0.9565217391304348,0.9777777777777777,1.0,0.9565217391304348,0.9777777777777777,1.0,0.9565217391304348,0.9777777777777777,0.0,0,-1,-1,83666,5649
[Zkratka],7,8,Paum_pos,Key,a,20130421_222426,15,1,1,0,0.9375,0.9375,0.9375,0.9375,0.9375,0.9375,0.9375,0.9375,0.9375,0.0,0,-1,-1,81768,7548
[Zkratka],7,9,Paum_pos,Key,a,20130421_222426,16,0,5,0,0.7619047619047619,1.0,0.8648648648648648,0.7619047619047619,1.0,0.8648648648648648,0.7619047619047619,1.0,0.8648648648648648,0.0,0,-1,-1,84009,7363
[Zkratka],7,10,Paum_pos,Key,a,20130421_222426,38,2,1,1,0.95,0.926829268292683,0.9382716049382716,0.975,0.9512195121951219,0.9629629629629629,0.9624999999999999,0.9390243902439024,0.9506172839506173,0.0,0,-1,-1,85134,7645
